0_x,0_y,15_x,15_y,30_x,30_y,45_x,45_y,60_x,60_y
0.31518357076505615,0.3336308877376582,0.31469677718293,0.3298918053808332,0.29932410862512804,0.3258530649860977,0.288160962210613,0.32590320456226074,0.28838253197517527,0.31220610771906615
0.31200867849414404,0.33854708320235066,0.3123231684145638,0.32324407141835737,0.30197740664642236,0.3278409233026643,0.2933980749461025,0.3168634327702435,0.29254398255530456,0.3102374565527964
0.3159384426905034,0.3220071621309043,0.30799815184960083,0.3219090055828885,0.29873790039500014,0.3213434580840834,0.29563197233289173,0.3202261135449999,0.2927900843602222,0.3090820580510621
0.3203151492820401,0.33181484618345286,0.3044653161114721,0.32598312771294524,0.30116019235180475,0.31993881632746124,0.3071384382867009,0.3202559895094054,0.295063151729217,0.319064994560689
0.3115292331263833,0.32574678715439087,0.3111911165680679,0.3251490768873754,0.293231926665231,0.317574247367211,0.30048276562266873,0.31749107903594237,0.2858657081835958,0.3159296615113607
0.31152931521525407,0.32656437308117653,0.30966742692710875,0.32373385975336366,0.3037664685368647,0.31887294735010524,0.2910225921545005,0.3131376722605795,0.2956628363692366,0.3188970269880256
0.32059606407753694,0.3260380303788057,0.31217596610013865,0.3294819372372836,0.30270602737681107,0.33774547212654366,0.30013018144708814,0.32161487251808835,0.2791780418419861,0.32045236343060757
0.3165371736457645,0.32468004615160095,0.3108758590084098,0.33077652604285257,0.29861455684465904,0.32922339790368393,0.28996348005530814,0.31969498014072306,0.2895505772381809,0.3183280849658627
0.3103526280703252,0.32924260813972417,0.31294776357659665,0.32644203443145925,0.305996228342162,0.31624462816895993,0.30311345526943534,0.3225012023471829,0.2902586307877422,0.32028881588075186
0.3154128002179298,0.32484524941794485,0.3050238239421971,0.33338765040527635,0.30738785068813274,0.31638771021628215,0.2953443767409106,0.3173319984678042,0.29586663413035613,0.31665233856878866
0.31038291153593767,0.3303522841288992,0.3142869703281716,0.3202915544293325,0.2946622006781551,0.3254093303085925,0.29723181905630414,0.32610410649406524,0.2928131542633843,0.3110650330584713
0.3103713512321487,0.3287488094527543,0.308687998023462,0.32503170270360143,0.2988863761071689,0.32573632398688984,0.3043289832377109,0.31561613109394077,0.28567218473071854,0.32228907090410397
0.31390981135783014,0.327805259765668,0.3180763043631263,0.322415888396986,0.29885428825106347,0.3257444191765868,0.2912641821570787,0.32856020142008946,0.2877750343709149,0.3140544393360944
0.303133598776711,0.324462181689792,0.30425406090955215,0.31666731691463473,0.29800048449445565,0.3217252210322315,0.290714409074435,0.3112618174508587,0.293693400047737,0.31232201850618785
0.30407541083743483,0.3261161433471583,0.31637981901582624,0.32558659657078654,0.3068473742096587,0.3223727286999855,0.29478200336826993,0.32217385032278445,0.29230466329067717,0.316110410620978
0.30988856235379514,0.3327769561291288,0.30868955391731323,0.3253912624580836,0.30173086930613596,0.3246393976207968,0.30289189425509655,0.3223771534126331,0.28980437945182125,0.31243594540351743
0.30763584439832786,0.33150458593812193,0.30444290998192775,0.3335672487162107,0.3013774257934469,0.32342946503146663,0.29010326962261573,0.3160222146602956,0.29029583105244006,0.3149128480900528
0.31427123666297635,0.32411222377600724,0.30528057082972837,0.3291540584227739,0.2926806881779662,0.31190349813626234,0.28353922200944714,0.32212196968930507,0.2961808399857964,0.31872026960781735
0.30815987962239394,0.32949666152714613,0.30609826345902835,0.32087906587835396,0.3058770901510461,0.32185100184712406,0.295444205707955,0.3263975933488008,0.2901115371356539,0.31874170869623064
0.3056384814933235,0.332756935616859,0.30982082973200953,0.33527046283167095,0.2965037080257326,0.31874296782869843,0.30045870399955454,0.3089159058032297,0.2922595437798546,0.31251084966787185
0.32002824384460776,0.32065297359439315,0.3103141774401775,0.3321051684776268,0.3029996631513316,0.3238760570945426,0.3037013087486941,0.3225137240374541,0.3035496829404027,0.3145614731352563
0.3115711184975673,0.3317168009618997,0.30483149998030706,0.3289104885173431,0.30408688468979095,0.3379262950130171,0.295384193189573,0.30753364589834964,0.2855815868155803,0.32237166502385123
0.3130376410234396,0.3256868812052708,0.3075782270386951,0.32486757950575085,0.3095032929791932,0.3248374083273715,0.29564286696441994,0.315171675982384,0.28344078634212666,0.3194820005886697
0.3055762590689327,0.3318529933429658,0.3184113517930593,0.3212028038163826,0.2961558980044044,0.321432351569138,0.3034695036712787,0.32814583182450474,0.296617948323993,0.32737532519674273
0.30997808637737406,0.32518370421728743,0.3163377158505035,0.32413896611964477,0.28760243922089584,0.32760900750988625,0.2883512915015229,0.31709108983303974,0.28930678469352944,0.3229006408687076
0.3132546129485493,0.3199755894966774,0.30988161834837014,0.3314437430985209,0.30361924772376847,0.32541343943604606,0.2957573961240849,0.31413060017795513,0.2911088123612869,0.3227214653427997
0.3069450321128885,0.3208622878105842,0.307890017390841,0.33542293152967306,0.31170255590755425,0.3251004724522592,0.2986521194496253,0.31901031135507657,0.2887942181093444,0.31006065724772097
0.31457849009172834,0.32924042473330695,0.3083001566335913,0.33371621764136095,0.3088947317646972,0.32603425296607835,0.29994609360642516,0.33033953169081776,0.2914009992961624,0.32081930175816714
0.30969680655040593,0.3302986125086074,0.31076758986365205,0.32355575289106864,0.3037482970763731,0.3332827178241477,0.29515096653404554,0.3108415887639699,0.30069269056048165,0.31673446599151545
0.3112415312510336,0.324478416874478,0.30258603717400795,0.32040191283355496,0.3002418190718397,0.3173455578233704,0.2978722050585292,0.3147434504418033,0.2967106422930906,0.31424509098230874
0.30969146693885297,0.3321929622938869,0.30641311731288323,0.32670443123455606,0.3067356129831865,0.3253681603840573,0.285258363232935,0.32748715841589815,0.2970111175594348,0.3178400767026626
0.32196139092254467,0.3206923996886552,0.29935707963061203,0.3171578031721858,0.29783226900147763,0.31836809435009233,0.2944087579383307,0.3292885117176887,0.28561886472103676,0.3217260576730574
0.3126325138763103,0.32866960100676346,0.30969611561302635,0.3276158385709239,0.30508178884678105,0.32577756323171125,0.2999675435627723,0.3194828438785486,0.2869442313172356,0.3195041579550211
0.30741144535522047,0.3229449190011877,0.31093597969851366,0.3252619870685067,0.30522735079583313,0.3184065674425695,0.29278852982872655,0.3138047364873668,0.2785046067025728,0.3126076309932897
0.3168127245605159,0.3257408194609892,0.3052840676885031,0.3236698174906588,0.30800104953749435,0.3209131659319746,0.29799492110794795,0.3304792175090458,0.2886530958945862,0.32071229456796313
0.30659578175014485,0.3292369933565821,0.31556993381645015,0.318026484663666,0.3164983001945554,0.32152455042881045,0.29993436250401345,0.327972211958746,0.29748351593192823,0.31381206228962016
0.3137443179750238,0.32469793317358026,0.30157117168498826,0.32856800053284857,0.30466207983589383,0.3278790835967236,0.29598725399571113,0.32339473493881116,0.2952847325787418,0.31808341559482145
0.3029016493806011,0.3270772222788509,0.3003781255989509,0.32333649580169044,0.30015518187146245,0.3275922722197121,0.29855231885498285,0.3159379882553129,0.29159243368523935,0.3154832496626143
0.30605906975550784,0.3340314640460722,0.3088222590927998,0.3201504158214486,0.30257212843904,0.3167714131177681,0.2928863371735769,0.3197548532958098,0.2925884985814097,0.31590566874132187
0.3136843061793456,0.3261155406523843,0.31293549151306077,0.31163868893359176,0.2938546204755544,0.32327467055499925,0.29666694360151974,0.31919819959477586,0.28925557228712295,0.32083121487520255
0.31639233289997704,0.33317846056032574,0.3161196384572893,0.3258624254747468,0.2992264343445547,0.31945210072625413,0.30075108084794605,0.3216542565230779,0.29372379441200885,0.3117990314009205
0.3135568414059498,0.3233514657267119,0.30540557868565527,0.33486125798334876,0.30065358780943446,0.3167074754466233,0.29848486480484215,0.3272550071906567,0.29652939139740303,0.32672597537138465
0.3121217585880588,0.33164902088957643,0.3130934041671565,0.3343062960727394,0.300079558010327,0.32191491474787814,0.29476734365218027,0.324397085205687,0.2846205660629476,0.3078945696535275
0.31119448152205353,0.3362078431032895,0.30750745765249643,0.32371451871706863,0.3034617743601686,0.3214575860577209,0.2988210820214539,0.3146131196150762,0.2941982384391867,0.31401166158372573
0.3053073900481628,0.31664177749936356,0.3068368635002959,0.3229889396981911,0.29858790033808896,0.33513358243172764,0.3012730489531831,0.3268824822500977,0.2973621743547733,0.3188510594497087
0.30910077895802646,0.32501552372264764,0.3121182996874333,0.3283438712803751,0.30830515333662234,0.3251647991268035,0.28745029360711255,0.32156566070006576,0.29062449855518313,0.31992157083217654
0.31039680614520104,0.33188536063590274,0.3109616143920671,0.3210080728040586,0.302701035324591,0.31611191249622883,0.30349537032477947,0.3234353289792946,0.2962035030606029,0.3164976213971415
0.3179856111310946,0.3279847730697851,0.2998180392150787,0.32750895949909736,0.3026534983943069,0.3201761299791453,0.2960187263065946,0.327332704296393,0.3067732722223627,0.31671304648499227
0.3144180914478423,0.33085572936685653,0.31508270174862946,0.3298304013919235,0.30106052641743536,0.328106916477147,0.2998274496662011,0.31444209875243223,0.2921782860350655,0.3190527504266381
0.3038847992231863,0.32598007406642093,0.3146004567707372,0.33213466611942155,0.30347595341929484,0.33344221386434963,0.3036862346182261,0.3198208721064677,0.29466653525002656,0.3158446526127116
0.31432041984697395,0.3294329489373645,0.3045721864924523,0.32549922961760025,0.30682549132333814,0.3150700834388102,0.2908416315138476,0.31734272724320395,0.289009714581693,0.32396590628967453
0.3107745885979184,0.3282216138230396,0.30967901766718703,0.32498163124911517,0.2983643489214455,0.3136003780743048,0.29415279498786223,0.3121607028731727,0.2936062558130102,0.321196745571158
0.3093153899984702,0.33483891030829904,0.31017015093141365,0.3216100870662172,0.2994094175546237,0.33235482587685894,0.29625725652062146,0.3217335498880246,0.29500135812491146,0.32136412175502815
0.3157583814442043,0.3302721042165061,0.3090033688291195,0.3218655982298007,0.30118136985611665,0.3249480708868545,0.2937812323943778,0.33255778275792214,0.29367421170135066,0.31216921638314793
0.3178549976124797,0.330688013310376,0.30494847423077287,0.3248676055404924,0.2959706453826339,0.3186585363406182,0.306374682879184,0.31079961127747124,0.28760152340145567,0.3166030578779715
0.31735640059558096,0.32694061516938766,0.3043418831603097,0.3278368275340809,0.29860371070139247,0.3256731454306122,0.293416139530866,0.31983859694475264,0.2937318088566272,0.31549767025639647
0.3085039123838868,0.32656196887963757,0.30757222964504277,0.3305679231311663,0.30031889563227665,0.3098212613049156,0.2949222661025656,0.32320271467537387,0.30001097969358814,0.31197199312155266
0.3111539381207439,0.3268372090609019,0.3135636450962968,0.32198410524659826,0.3070719459035636,0.3230168775329858,0.29872194515801487,0.3206153910082809,0.2949431788225726,0.31880082091972883
0.3143563171570178,0.3309722607118915,0.31041800077297216,0.3334634428447976,0.30401280664500957,0.32463910586421546,0.2916892523696195,0.3194343597374213,0.2975099359453592,0.31431177121110093
0.31757772563561176,0.3268950775958987,0.30584692833956945,0.3246443819947872,0.3036679495568377,0.32762135069768916,0.29572159644121865,0.3135039181827709,0.29151494014993684,0.32027701914925116
0.3103041288107735,0.33044887428448205,0.3115584935532417,0.3258931635282578,0.30695448981083984,0.3179305202385373,0.29928726630625085,0.3211639337147008,0.2964495011971185,0.31164904218552836
0.3117717051166809,0.33937700399322723,0.2934572868968496,0.3222639416042609,0.302013141058003,0.3234284358070168,0.29603569797808743,0.31621618011492036,0.2940963391910826,0.3255952030642091
0.30716832512996983,0.3333556235171585,0.3134438285018605,0.31387879869863533,0.3046523242496444,0.31837287686970206,0.29723306570550023,0.30905039147510727,0.2879454463515638,0.3125183367070397
0.3067189668795966,0.3273698823391608,0.2990014311061095,0.3304202269818053,0.3021838912353375,0.3242769187783716,0.29505333943775813,0.3259729611025687,0.29429260502399435,0.31809651168600217
0.31676262911197095,0.33500606961081975,0.3058877952929843,0.32968421948546217,0.30402681174699814,0.3185232683881849,0.2901276484540961,0.32479192909921023,0.2877415166827984,0.32095929655194033
0.3194812001428541,0.32695962313489224,0.30210165052686927,0.32459336221440893,0.29978620671194206,0.3209594958041989,0.2993079660566962,0.3202583048842554,0.289535598625576,0.31414679784899946
0.3123399493920983,0.31880937732411074,0.30122659262139545,0.32633495358612435,0.2905059142086178,0.31802092302604884,0.3064746653582362,0.3211453734410285,0.2936466415364618,0.32126234321716474
0.3177176644894601,0.323959568445413,0.3135041339368926,0.3285796960885205,0.30202860418906846,0.3262556812091183,0.29779200815391715,0.3253715900635778,0.2941862213669006,0.3108540820109979
0.3145081801252381,0.3196460403948707,0.30536149399344054,0.3181872707155673,0.30981374068049966,0.32729225558328334,0.2988263205862377,0.3211216982838904,0.2867538376746143,0.3242605884959128
0.30947440122697434,0.32724243257979346,0.3094325194086536,0.3233547366132685,0.30733107701120793,0.32182689715021295,0.30116361377558426,0.3245200877738066,0.29796992885591433,0.3170707463248288
0.3145069780275421,0.3290920918959478,0.30746539710560405,0.32997132339810914,0.3075269874229558,0.3231911899748002,0.2913533475172665,0.31851258899563073,0.29556003139150233,0.3140179429601556
0.32039018283232984,0.3373821865613764,0.31008520413611557,0.31972855288415375,0.30888065360903105,0.31575704292683227,0.306212573290648,0.32655991869286977,0.28917635782194556,0.3155040911378628
0.3125208698044502,0.33063463686882083,0.30808410945530124,0.3274677896608332,0.30314328795480716,0.3215016167599661,0.298711643982114,0.3216039286296634,0.2850120760177541,0.3210445963469636
0.32052321827907,0.32790449735595567,0.3012850388790571,0.319217090976883,0.30368657853702796,0.32274897691479126,0.3058592844954455,0.3209702597180294,0.2919754771045928,0.3140777235407478
0.29960127447955126,0.33314702790591744,0.3126813340972357,0.32833214991216764,0.29961174052282824,0.33610396545514987,0.29403483502238004,0.3136496945564399,0.29047028143069414,0.3132532115528861
0.3168095125218761,0.3179443234549606,0.30523121708419343,0.32582179258851257,0.3011196357198647,0.3174401648711292,0.3067903096127891,0.32143477927150854,0.29326570228526505,0.3158923170120813
0.3131352353411908,0.33017807279054284,0.29991709050670123,0.31792434092047245,0.30577885574885566,0.3303208861937622,0.3015757774701739,0.31584022541252776,0.2908844166942221,0.3111151894361502
0.31120496324767066,0.33285432596943487,0.3055594241951704,0.33182369677228585,0.30871942218584403,0.327984293867329,0.3004652004292618,0.31680858636735754,0.28266271569627494,0.3261027195397091
0.3131588038826775,0.3216070687711008,0.3152037989531715,0.32232704211600977,0.302002768621595,0.32440318202245066,0.2988701222717657,0.3159231218584194,0.2907582653084942,0.3141680270439264
0.3027621554269955,0.33471877021603463,0.3119511087105674,0.3219487378149281,0.3004490536757429,0.33179310242097565,0.2964573569096277,0.3146688253405039,0.2911719044446584,0.321158083930902
0.3116016405608124,0.3306924820374721,0.3059567393279607,0.3270028459861547,0.30270263979428297,0.32486052736303433,0.3037026582923693,0.3306238570150848,0.29586830512387025,0.3180473504182389
0.3144855628575587,0.32692356043049603,0.30595371147840783,0.3317431867471436,0.30570603374464556,0.32494579597833967,0.2984017993492402,0.326656695309942,0.28920900162694474,0.31207732974759017
0.32008947022370754,0.3321639093305314,0.30609182474391305,0.320920890905108,0.2954807259193323,0.3227343967349123,0.2878646514820642,0.3296018375107213,0.3010933733668628,0.31697022645393635
0.31010864890863177,0.34035346428902197,0.3180837399178042,0.3263083992492399,0.2912190952343138,0.32911784441209313,0.292114067691465,0.3138855249022222,0.28314179724674116,0.3209200138965537
0.30865753198553403,0.3299093312752925,0.30960967726115773,0.3281440825016529,0.2999473157525421,0.3284823461690544,0.2967707712390362,0.3203562687495545,0.2992558374890131,0.3160586933245685
0.3101912147820773,0.3302411029315017,0.3098502082359553,0.32946552803631574,0.29659643787042916,0.3198716135625189,0.29924999491582777,0.31353246187397954,0.29157840514560945,0.32296556472925514
0.3172770105885103,0.3267031955022988,0.3128514172701592,0.32688220777638616,0.3001592990117634,0.31640376402700615,0.29741705755550046,0.3165215256140147,0.29699792436171774,0.32210757696390935
0.3143437555482984,0.32475077815267606,0.3088939457951325,0.3241648608045834,0.3019610984059126,0.32198509681302173,0.30379485394896827,0.3154093650829171,0.2930990074202936,0.32159457427329163
0.3100511989811648,0.33315167908272125,0.3064047892708965,0.3218620488967564,0.3004337579548849,0.3189998071780118,0.2879444906798068,0.3261979200322078,0.2983977776801273,0.314701716138635
0.31526633716556673,0.32471958087045566,0.3067182507545751,0.3264307194152319,0.3099623376723537,0.3226823771269232,0.2984179396825258,0.3180188516094912,0.2907631901772359,0.31160078776109257
0.3131853877467402,0.32935783118609696,0.30734199370292964,0.320639304940072,0.30433372382301155,0.3291871906734207,0.2886101038730642,0.3253418966684701,0.2872068978741109,0.313932061973186
0.3175432249526644,0.32661171276617446,0.3075138888174508,0.31139324758252696,0.3042023717980541,0.32071349172456604,0.3014985614774208,0.3230206044479426,0.2998025214363553,0.31798120470333363
0.3091897345306132,0.331394899128732,0.31133814771818485,0.32818279902078834,0.305811035720217,0.32278588309344214,0.29722770642778995,0.33151819376052394,0.2921325967705893,0.3197289335676618
0.3110616892670111,0.33066831052643475,0.3079597294290365,0.330519674205431,0.2970058344110961,0.323290113674042,0.29979804986012054,0.3126027788843014,0.293807792368121,0.30614214297619774
0.3107394592343392,0.33418769972128953,0.31136320038607784,0.3141853378222908,0.3078955589371013,0.32724215441102644,0.2933805851970511,0.326296166198934,0.29887375957022394,0.31695943399194126
0.3053824252593394,0.32644991800572626,0.30729641709945704,0.32095134647645035,0.30232117856732266,0.311765553330077,0.3040973246582887,0.3257322043520036,0.28754022378952776,0.31779044612661594
0.31418060138532283,0.3276506253235332,0.3080931759515804,0.329095771305026,0.306052403086206,0.31996649852617354,0.3029086233202942,0.3151331058098648,0.29567745448819627,0.31561227871842223
0.3140052763608994,0.3241061814210885,0.29770899657733946,0.3362874773485585,0.2973407138347992,0.3240564184613974,0.3006177215150594,0.32503566668236583,0.2897505262176855,0.3234563691950794
0.31272556728321227,0.32677853369961946,0.31228163837351236,0.32610396853837703,0.29493120616991964,0.32900039478213433,0.29705241376568275,0.32168072481513116,0.2920391532217781,0.31910890037125433
0.31152706433312427,0.3308865024652243,0.3094324423794899,0.32235998529385435,0.3067894482901251,0.32054048776246896,0.3005992864264756,0.31886261870023297,0.2930613948269214,0.32355095954040447
0.3056231462897479,0.33278494308322676,0.3126900505492982,0.3250855177944758,0.3045820476304876,0.3136172364697906,0.2941655371600632,0.31588032256514,0.2851988906927653,0.31592019739824884
0.3105967733861732,0.3243891733791119,0.2932187231090315,0.33287438209574094,0.29818974222821243,0.32609855722983067,0.3019777782951035,0.3164044527427541,0.2888058147858978,0.3216873874625346
0.31098642741736615,0.33334802960052834,0.3181418735239036,0.32277017910437733,0.2983516845936265,0.31982318805587184,0.30594740447161956,0.33024906047892966,0.29945536446206567,0.3251753319726376
0.3086886136538919,0.33577818929402475,0.3070020518592241,0.32200403996674876,0.3083271739220738,0.3170516667045482,0.3030530527998959,0.32000341409478744,0.29713095594292394,0.32355846724636333
0.31189357144166996,0.3310671745161185,0.31324091408368754,0.3235862823890899,0.2967529405356633,0.3198782730514339,0.2940519876509629,0.3239106500076573,0.29238680211336376,0.31153929203285635
0.3147202542840727,0.33838397906279033,0.30250047036437233,0.3212333569587065,0.3109133647662798,0.32207737321172075,0.2995070865863655,0.31604550309166224,0.29391561729256444,0.3157316196122881
0.32213092950605265,0.32513105400448217,0.3107638695253128,0.326613351579974,0.2981968963267606,0.31997627667730894,0.29123429228120673,0.3161007352688918,0.2912287874718177,0.315274176472751
0.3135728890641592,0.3227767264834429,0.3024329221841317,0.33412339229234783,0.3058919596280419,0.31197216971450464,0.30056195155587834,0.32540992404624974,0.29948291692913986,0.3194462726753816
0.3139877519536138,0.32010639875547864,0.30458115519652096,0.3276153963655802,0.30105690762125503,0.32748533098443566,0.29995301706431265,0.31325211894224236,0.29169823711102916,0.32043176777507265
0.31232777042116916,0.33648022155744595,0.3172701567693339,0.32473823248936856,0.3057159371554117,0.3293743752063936,0.28835091830233917,0.3179239311604736,0.2938592104606742,0.3128055366298713
0.30310614392350477,0.3322718282817703,0.30674658799618326,0.3245409436554223,0.299979429989429,0.32625760995669756,0.29189108078043813,0.3201701370553612,0.2984301507207103,0.3173391925695847
0.3125674306227539,0.3287220766454477,0.3087871643658986,0.3181840459565167,0.3018860354696385,0.31731157164787593,0.29628430551628115,0.3205568630092003,0.28881314257577045,0.30690036333921933
0.3130011510497051,0.3303998431315991,0.3120503386534437,0.3304155488857358,0.3029045958769786,0.3219925423302624,0.29619570126429584,0.31910453357491925,0.3004939459224844,0.32420972502900947
0.3250162105624264,0.3233725547635081,0.310178409439863,0.325610814014936,0.2976890627210926,0.3229673934238527,0.29165261532290593,0.3219790989054796,0.28504769295128307,0.31443812879661653
0.31173819517609436,0.34122875989808416,0.30845209452571787,0.3250976004320469,0.3064041217271006,0.32599397194780955,0.2996448936467609,0.32346427877908907,0.30084821065556394,0.31727931969922246
0.314207736711668,0.32964610590987614,0.3095248050123311,0.34196553783922434,0.30013393216764206,0.3263417024435904,0.2989573680447025,0.32367318772729664,0.2908366220802401,0.3154517514300597
0.31252644115147377,0.32954697397302446,0.31971707792619136,0.32749376454182844,0.30155700042329986,0.31932913100610755,0.29672865434010737,0.31507098095666086,0.2914865062608736,0.3227301378750671
0.3068566098119023,0.3326288331194935,0.30741190601483204,0.3222410447495241,0.2977282531269574,0.3234099777820678,0.29392104249920814,0.31857922451035603,0.28324994914408524,0.30281246779301313
0.3184141140725751,0.3314050461586836,0.3087054952335748,0.3238682120189723,0.2898883317060234,0.32528640202307624,0.30294353563208276,0.3259738143093847,0.2904260264131115,0.31691694828837047
0.3164596651634338,0.33011942012139567,0.31295327198003803,0.3317422285459838,0.3017448611869991,0.33027911161073387,0.3059770355654414,0.32447323593786936,0.2875009673448655,0.3164709062125115
0.3166551597352152,0.32504762772277346,0.3132276296647899,0.32656635205268886,0.31476307710806456,0.3265225326991236,0.29528219258076727,0.31313570274259467,0.2896617682731326,0.3147318180620416
0.3081530627260263,0.33135734178568,0.31363515152780186,0.31880861010841316,0.3066230214394901,0.3269452834368776,0.29463916541422586,0.321757399501761,0.29201344517105554,0.3256311327281782
0.31971397155468045,0.3384101224823752,0.3108936511101459,0.330596144672876,0.302603698101328,0.3234191331396468,0.30015603832705995,0.31010887375312596,0.2974889580723645,0.31256335270572116
0.3056907446860386,0.3357271002307749,0.30198497543634756,0.32265927957230506,0.3013855458539586,0.3300522957260175,0.29590985310126505,0.32023467451030185,0.29373801675700306,0.3208589808861783
0.31563428546900135,0.336965933133197,0.31586715766150547,0.3353664888810877,0.3028123294640602,0.3250488139797975,0.2970030139966838,0.3294888350837299,0.2942383832670055,0.3187812639435304
0.3236522781290499,0.3264439216178441,0.30196827303490653,0.33140024032857324,0.305435595575876,0.31869456044913214,0.30139826575862333,0.3152605364136551,0.2872224030557721,0.3233075962626776
0.30774731837434655,0.3240519758987071,0.30921317732619513,0.3237633905217063,0.29679593592345577,0.33001684985062596,0.2881532195624635,0.3158283847725421,0.2882962295519863,0.31366405457611246
0.3098685113519861,0.3283710653995018,0.3039286207499032,0.33240508180867556,0.30827160847334434,0.32648951636269513,0.3042915116242633,0.3238201489078643,0.3016936250917565,0.31333515550438124
0.31319825682543817,0.32927862456144347,0.307379308267035,0.32633927755263703,0.3062769065772062,0.3207847798943576,0.29806340262164666,0.3122859924239518,0.28902399482618374,0.322480349537387
0.31018262172941896,0.33447095759235473,0.3093438120515174,0.3302638683756111,0.3062909286285396,0.3206025351630038,0.29564253427718906,0.31683622485057483,0.30098104126028646,0.31912660654165054
0.3049466828446693,0.3205376768514259,0.3093067860772513,0.3284236640864724,0.3048923786940486,0.32448287772570383,0.2972538292288927,0.32298220568790875,0.2914846940055956,0.3092753132666162
0.31304281487403013,0.3366477515973031,0.3098096037711764,0.32176821672504563,0.3027980832884699,0.3253159239763379,0.29751214677510257,0.316828570761553,0.2927114396807175,0.3143034749276837
0.30738848143136943,0.32820996050710505,0.3157685563452932,0.3227822508384127,0.30606430617983404,0.32398646132815606,0.2890439934827753,0.31882015006394515,0.2980518258011496,0.3189319132692403
0.3150679621531759,0.32686559465026294,0.3099676715075699,0.33114980408790584,0.30565907066870684,0.32455654336721446,0.30517469113726614,0.3237209285515752,0.29905946210969325,0.32118882110773295
0.308102878828831,0.32393947812369916,0.30647921682354673,0.3243261233394673,0.30092979644529483,0.3314997868728819,0.29790662816135305,0.3221077304176828,0.29214593719860454,0.31360384673403524
0.3204496720250877,0.3207257166406712,0.31252043584144173,0.32398175768379,0.29983199113551545,0.32835771576117445,0.29991501065223686,0.321334091981477,0.29075878473239225,0.3024287200509153
0.3087837335383188,0.3331158529198096,0.31364735244462316,0.32122438710325324,0.3032092814763099,0.3239531779563251,0.3024577488528702,0.3183043886036498,0.2924203977573889,0.31961611592868516
0.3110896924189716,0.329366589835942,0.30156196092431503,0.3281179953279673,0.3104451007574759,0.32770655290383743,0.2925941877121985,0.3218503055763448,0.2943897876411605,0.3108983965502801
0.31676758608684835,0.32255019550129477,0.3106870003492493,0.33631262459621575,0.29650446462173047,0.3178373804823623,0.3000673594951761,0.31938133659950124,0.29715651843434876,0.30691330600938793
0.3065456784178302,0.3225246061396819,0.31120586371155445,0.32066233542872863,0.29536237367123774,0.32498963524973407,0.296361794545506,0.32228902804962895,0.29272114929497073,0.3028383703750793
0.3138372996730206,0.32732107650354936,0.30621218248320003,0.3261210972833638,0.3035238042061826,0.33204653174866555,0.30193385387608246,0.3175153398744101,0.29579443149011575,0.3210699043009887
0.31923571377141213,0.337345107626447,0.31457853406655806,0.3330611027770772,0.30295443850928006,0.32190977052303815,0.2870638628982425,0.3190871551281023,0.3008917986613547,0.31764308725202484
0.30466258382719386,0.327702043243182,0.30694972206483734,0.32560179304377146,0.303566708321852,0.3187618303569046,0.29720452849879364,0.31505021103723996,0.29460654806132386,0.31587171809643877
0.3136231692926615,0.3214842852344095,0.3083278822673577,0.32826185898124866,0.30391976598954246,0.3197395555570347,0.29468589672108014,0.31982496194996884,0.29425826428002383,0.32394512181481383
0.3139994139712421,0.3277712846795703,0.30683464087858064,0.32068803235926563,0.30158398872682596,0.3175518348132881,0.29986131475317074,0.3159449956818558,0.2851054458745496,0.3201866234151154
0.31660911435888656,0.3276363821512617,0.30777789523790733,0.32814153548603825,0.31014931719301037,0.3190761904593615,0.300050220936841,0.31442976774919,0.27954634931585465,0.3250815002136096
0.30651524644560957,0.31551556678529213,0.30221862456552395,0.3250642786749773,0.29469548010761737,0.32114745950704987,0.2941618705258898,0.32129330573927695,0.2946418786461508,0.31003632263916503
0.3060977169345786,0.32872852566741095,0.3004997455870285,0.3309286499783993,0.2985575148760987,0.3159721649041068,0.29413913067911973,0.3210636988792883,0.2922258788435956,0.3168272468802302
0.3153097078280845,0.3278453273489566,0.31567252531612483,0.3319369302578238,0.3021837261992547,0.32307809166974805,0.2971466731572133,0.3239143686747429,0.29012608662542627,0.30891643312525996
0.31418492336616594,0.33248103182406713,0.3034651932584083,0.33894781821009307,0.2944840559442291,0.32751138586893325,0.29321678886342395,0.3178443721521245,0.2939176510209317,0.3158530883407227
0.31395246425172935,0.3382447804747267,0.3027430382527184,0.3288981658660679,0.3018207279778396,0.3184612190992654,0.3019099184772606,0.3220402642341838,0.2923979813540154,0.3157569207311666
0.31443224104748485,0.3346328251477388,0.2969330494319814,0.32762898158291087,0.31100735082864006,0.33059641961820885,0.29585396399776276,0.32275398786136833,0.2983389012531695,0.3201330681863154
0.30929987639210754,0.32765555654722583,0.30450519126155245,0.3269719215078867,0.30280443244147975,0.32555396044263796,0.2831650589033918,0.322223869039158,0.29313055434129487,0.3172278194057095
0.313861268485805,0.32346737045629165,0.3010845510329625,0.32423416853594655,0.3038535045285934,0.32815290292812027,0.29582588971689094,0.3158717315859893,0.2889653835746491,0.3201170356913996
0.3141653623664934,0.34186679901624933,0.3159100758006818,0.32769241921730846,0.2963991761741371,0.31971082723073935,0.2925072808957801,0.32074681741135597,0.2976508311947964,0.3205172006656945
0.3091282429098681,0.32929609217007244,0.31274908544671315,0.32452299294930487,0.2996181929598026,0.3272726261353331,0.28954362092269526,0.3218207014802733,0.291614344625269,0.3277746433869157
0.32202887255572377,0.32906964645956477,0.3042592482741113,0.3268423048813481,0.3008240180983803,0.31754033049802344,0.2915128668088871,0.3200358923345397,0.2953326834183615,0.3154235167235694
0.3150691646045589,0.32887937456445,0.3189621790267215,0.3325879876780398,0.3011114245162188,0.32745123750418254,0.2982470423591648,0.30956761170814456,0.29031294646903594,0.3122948864966681
0.30674348251398675,0.3299904238038393,0.31260882743495794,0.3209672871736018,0.30910821897501883,0.3238591966989677,0.3043432041412411,0.3208024481198674,0.28945086557251276,0.31823041807658203
0.3159827680431691,0.3282781979403803,0.3060758430824569,0.33169939280564525,0.3054884553036256,0.32576625609992393,0.29926592236932487,0.33106265519698624,0.29312084115092846,0.3129885998643023
0.3078265916488634,0.3261316899655988,0.2952029714256321,0.33258557533669936,0.2971427102153148,0.31712202697187575,0.29466748305892126,0.3181998036562151,0.2927641432177184,0.3244098038421827
0.3166354230187122,0.32626570529379806,0.31915471286295366,0.3254096573650446,0.30393252389215997,0.31852465078861697,0.29997952097585345,0.3163596145107234,0.2950991351768341,0.31558390980527384
0.318492977895037,0.32883623364892,0.300752137666182,0.31539072550495706,0.3051911087424839,0.32598614109126695,0.295404548448905,0.321866742798557,0.2913567712334513,0.31417211816063007
0.30859658840824145,0.3262828761443312,0.2994730062652155,0.32296089006452783,0.3084007451926063,0.318258259978879,0.29422699815418424,0.32156189105233285,0.28351820108114795,0.3146434213942444
0.3175168806462216,0.3254357710866142,0.31281285216004817,0.3324849727328056,0.31060270343284185,0.32531603146049565,0.291928186658835,0.3259636758270821,0.290536130582058,0.3205920871173582
0.31476390463468246,0.3295321511384595,0.3198987620316963,0.3258856596885056,0.2976245290408606,0.31616431096769876,0.28894085596624136,0.31371065922045555,0.29666909233571903,0.31621126508384256
0.3168103007999724,0.3277251139128957,0.3146213640925526,0.3210034888385255,0.2986457124439483,0.3272408710633333,0.2957503814672027,0.32365690126287494,0.29121311960378443,0.3137916658993481
0.3221839649132697,0.3365199649429135,0.3105195456002618,0.32347612539385895,0.2964121107054269,0.31683738342615747,0.2984902674496006,0.3229521103062573,0.2914680829874272,0.32532675958811763
0.3114730594199856,0.31574515095803496,0.3106737717083264,0.3302031001325228,0.30152990070446506,0.3257614996883976,0.2972168816499255,0.3192892673152973,0.29763188252952966,0.31271915079669127
0.30893131917821254,0.33445753425961233,0.31196707779390154,0.3287336678410069,0.3050317918722316,0.32612815466823003,0.2956201653602632,0.3216934365896085,0.28914013386370535,0.31717783037016495
0.30825242785187235,0.33523042596248814,0.3114946429489338,0.3248053395041515,0.30763667258294547,0.31951614090785213,0.29297126969651605,0.3251472874079918,0.2849859839087855,0.32026153075805114
0.3086209485751728,0.3186330488379593,0.30910595711984684,0.32416587794092655,0.3023202448817874,0.32591013283542364,0.3007412309584248,0.3243615769001423,0.2918968444023725,0.3088433244479146
0.31231449145292944,0.32728656202959827,0.30822100551975934,0.3240412092547809,0.30110076238372574,0.3243022113166678,0.291114340400267,0.31428490343963134,0.2902791302437563,0.31940130250702964
0.3144057598740832,0.3271427956700211,0.30738703436050235,0.3213879490775075,0.30345878996124365,0.3203057907190363,0.30158013956921736,0.3241007909337774,0.2878687684012337,0.31172446162259776
0.31408345399665005,0.3219624415264109,0.3039301770556666,0.33407687844734724,0.29852428549184984,0.31795722657961895,0.29268891490536636,0.31967655697483743,0.2918231077205065,0.32111391390417
0.3168359162451801,0.32511091656204566,0.3062966246156661,0.32438839765394334,0.31314769360847383,0.3131868715416371,0.2939378238132348,0.3203643704900776,0.29515752823623387,0.3121867449404051
0.3127650094593895,0.32344712077267085,0.299235215929023,0.3320857926041275,0.2946616948644097,0.3247482502364985,0.2903660740469216,0.32036598495500845,0.2926535571921609,0.3204638451592443
0.31996767038578655,0.3377613522171181,0.3072083018660262,0.33360658025961226,0.3036237028944786,0.31517598614318976,0.2951929892655718,0.31924878505600873,0.29423490536343117,0.3225291653314736
0.3113767158338102,0.33367839196573734,0.3027570444642454,0.3309915544907398,0.31281803109614814,0.32347672099720653,0.3025765622923899,0.3259585374855353,0.3017670384925771,0.32130718262816405
0.32630084583294805,0.3353577754749708,0.3021820534139211,0.32384189843640976,0.3027339992228,0.32168275891958875,0.30027814044221973,0.3195814102007539,0.29098560569221216,0.3182565832411905
0.315828336738825,0.3326083603202162,0.3085994707557674,0.32801865045168305,0.3017498048249925,0.32639571387719096,0.3025921105601401,0.3144022693580842,0.2940917431732233,0.3158434952853515
0.30841421221791854,0.3233547411439139,0.31466001143172295,0.3258790219680454,0.3009127728859478,0.3214897725025507,0.30031071272966964,0.31803235072015135,0.2901539331870043,0.3141179021183258
0.3073455375096944,0.32637739866860116,0.31229158303001153,0.32148149069634935,0.30179804159118795,0.32135276106826455,0.2921816508573481,0.3208934735840524,0.2884682014005651,0.32435517345408554
0.3151123620762159,0.3314468728061396,0.29984749698188407,0.327621796408608,0.30956424237338265,0.3266593535214415,0.2960460538783622,0.32614607392148526,0.28977546173291113,0.3135025238991618
0.3115826860733707,0.32288936095554027,0.30275185931714826,0.320104801044201,0.29164069044335245,0.32467529014542057,0.29379900435441264,0.3230154734247442,0.2903062071423915,0.31181466963215004
0.31627000247046044,0.33256499215086194,0.3124038559399411,0.3319383969423078,0.3103671685064816,0.3245807797859139,0.30435287452019516,0.3157473236062648,0.2944973789877356,0.32032684467516415
0.3150661881228677,0.32779837300920933,0.3027875630323084,0.323676913513508,0.2955802142377492,0.32534633794904266,0.2917160567678684,0.33242594958339444,0.30444537893350376,0.3130193159840675
0.3123358554367156,0.327125895962252,0.30657683425001486,0.3270057982793642,0.3013667383538279,0.3153221393839645,0.3021684884469455,0.3213238765548899,0.2891197828186208,0.3122496825126694
0.30846603140965795,0.3325547998410175,0.31045026049512275,0.32741643935773074,0.3005537778985067,0.32678394339993494,0.3021647693505438,0.3263769536899951,0.29061687347192267,0.3097819786891512
0.30512576387657064,0.3312213165574302,0.3028582777256818,0.3247054751314796,0.30564276634885357,0.326062343970068,0.3068481010085804,0.31924142783211384,0.29238438493444374,0.3145854508026974
0.31046742523966486,0.32719516917090463,0.30822687753072975,0.3289334690073764,0.29470937824058124,0.3179165843571175,0.29565156703685247,0.32266679622352723,0.2946789942435487,0.3165864248805175
0.31698199397161736,0.33479664901682127,0.30102987252540897,0.3236254817168874,0.30501086333040967,0.321779597631629,0.30126161079790076,0.324197342522592,0.2940177540597739,0.31821545863830347
0.313770468720651,0.32359468336200053,0.3046931617802439,0.3303564864872862,0.31282154811643426,0.32280346356186185,0.3091082591826942,0.3260909735587713,0.29912047896974053,0.32175653122149744
0.30647130610644,0.3320796780347213,0.30929890967071266,0.3192701015987663,0.2958841299770359,0.32232751607799137,0.29461179161533146,0.32528684152689114,0.2805680396473239,0.31963448961832897
0.3135659046292559,0.33196550628984195,0.29973503133234164,0.32663189789773206,0.30364853083805193,0.3246692998328427,0.29002479876233817,0.3243609850003649,0.2807653506490216,0.3160456389022341
0.31462658689864414,0.32745226780343006,0.30990237368980195,0.33569464499529145,0.29939008911101694,0.3301568339091559,0.28829994983046114,0.31842456634402944,0.29022060913994924,0.3160090216181014
0.30828071281899433,0.3306306651112106,0.30760181100536654,0.32099834337697214,0.30482943603096513,0.32840883363836415,0.3012635601443066,0.3171412697902197,0.2981865009377185,0.3195507873445759
0.3134686255297276,0.3227444321180735,0.3104624497720857,0.32261127514737575,0.3027957388870787,0.31643890403284297,0.28828424895970706,0.321663037551621,0.284871759841972,0.32336285081464283
0.31299104359222996,0.3336201350960345,0.3088195706703233,0.3285695392482946,0.2994925654547784,0.32611034995153027,0.29583840473531037,0.32466564036170537,0.2776618383015312,0.317631570997416
0.30698514851084685,0.3280754893177851,0.3145207021498692,0.326897908909698,0.3051393614243553,0.32964466659767705,0.29988656593519475,0.318886396496117,0.295555897031096,0.31465434572894796
0.3144889368017414,0.3263863848974048,0.3083261225132395,0.32775315049636783,0.3117217405489337,0.32493404260344605,0.29862587768414955,0.32532585982857193,0.2939182861185135,0.3120356699945723
0.3155039226318411,0.3342450461291845,0.3055529722943737,0.3284459356507383,0.30174548104136345,0.32845490212592987,0.29982722432092085,0.3272630837274309,0.2872489579660028,0.30977397367793885
0.3181152562158764,0.3254782815472862,0.3083114875151614,0.32917360734280887,0.30629878971074087,0.33306135222850386,0.2988114492790042,0.3154183954046329,0.2877723019963953,0.3203313483602176
0.3179690102601745,0.3219576935181822,0.3104164901451819,0.33154849920978113,0.29623363521064416,0.3281185477305349,0.3040943290665669,0.3158153964810186,0.2878512814018266,0.3198898926181978
0.3058116531602145,0.3212168541323805,0.3079443003516285,0.3280490932846426,0.29791781811590995,0.32424654297820865,0.292938418096306,0.3192981247054733,0.29325267658736964,0.31988681762553334
0.3080108748004244,0.33203004975672823,0.3079029584560194,0.3247937117269073,0.30506203138940186,0.3282254423704238,0.2943150243077073,0.321538063340946,0.2895684236190849,0.31635670276823974
0.3152751763360433,0.3225978532375186,0.3041900415609662,0.32936286850601365,0.3101205801426798,0.3237244391654845,0.2938367027736458,0.31737716493116475,0.29517031959487755,0.32403467372945877
0.315268929754561,0.33777397090992184,0.30438549541224524,0.3354994096744761,0.30447806674392824,0.3231195152164248,0.30185095905931303,0.3267610133943357,0.278426866685478,0.3145794075270759
0.3152752384315302,0.3185903529605814,0.3006869736410015,0.32533683126808716,0.3011347098473842,0.32124292882143135,0.3022019929419753,0.32212033430759224,0.288415740674361,0.321776346186036
0.3319636574532736,0.3374822818414502,0.3164478837159347,0.3211273534766468,0.3026964570271167,0.33081706679416056,0.2999561265965925,0.3201972352412037,0.2870697301954447,0.3168062855250523
0.3155544525534658,0.33005508733601313,0.30148068382304355,0.3315354033464349,0.2964479613301514,0.31890785667029,0.3036174683344496,0.31282045238065737,0.2914182966081375,0.31395824617660334
0.318377828200903,0.32851643444064804,0.3042354740110204,0.325398094180232,0.3057225766317768,0.3306618386233906,0.29180979566311804,0.31342092091786244,0.2900097612075493,0.3199626515365888
0.317470008817466,0.3262754045659553,0.304107963672154,0.3151366522699298,0.307111665311617,0.32549932061870185,0.30603612055775564,0.32140504625140903,0.2966892188994788,0.31904818059342
0.315956956256529,0.3309956805717604,0.31217462188472217,0.3302371083857521,0.3004395483358346,0.3160034691259903,0.30531619310856123,0.30933702186922585,0.28340331614169967,0.31878486379633464
0.31112365377679824,0.32881182648787577,0.30622525160853986,0.3233233590702304,0.3003497892612025,0.3248382464649571,0.3013781099862287,0.32506318704822035,0.2929274573816537,0.317406392110281
0.3164948461024663,0.3345165094100826,0.3139387103633686,0.3255473335884792,0.3040293911482602,0.3124998674617419,0.30660899454385526,0.3192092307781384,0.2954916821160585,0.31681053459141584
0.3088358739273121,0.3295711382433102,0.30433254687878064,0.3276599016528451,0.300516401319797,0.3261275400841552,0.2894168839616111,0.33621546484797366,0.3019832371828097,0.3289418599643522
0.31151590696629994,0.3297515088073094,0.309094970811119,0.32695249839889534,0.30236933692687085,0.32742615741494496,0.2950777593186867,0.3315395812530806,0.2902911701445326,0.32292128322598085
0.3102731822608545,0.3271819389389307,0.30352326473370117,0.3295472590856952,0.31319860894583257,0.3200382202217397,0.2940234826965902,0.3190927546537624,0.29432229302176255,0.3206141344749276
0.31310937069693157,0.32871527188139466,0.31842574563886694,0.32382256814715077,0.30146487149627,0.3236177384797779,0.3013073966187867,0.3194683149873434,0.28368068603718816,0.31755899579101693
0.32427329283336753,0.3305390088444603,0.3017620079048524,0.32856552899088043,0.3009082992398939,0.3327707871687514,0.29244929630198924,0.32497790757001016,0.2807402189784348,0.3220357860029833
0.30336367403704123,0.32044915803671686,0.3092491035511351,0.3247022666120804,0.2994622909718242,0.32047126647869034,0.3014874757466874,0.3285158630495902,0.29692387187890845,0.31958997388195726
0.31613130095187253,0.3222590728894715,0.3108688844046605,0.32969405240443755,0.3064209598574997,0.317705462064717,0.30455268071998354,0.3118098547128199,0.29267219853175963,0.3171310237638702
0.3046364206440517,0.33271632047011357,0.30976899548725745,0.32907683742006527,0.3017938791339095,0.330408317012313,0.30117601450042,0.3110681226732266,0.2985925634489921,0.31548217837367043
0.3103403406710528,0.32985432719063973,0.30677356170561143,0.321322806489777,0.29945313480839286,0.332812935952654,0.2991187551183075,0.3168898259722281,0.28583298555515124,0.31659541331168656
0.3181447529848368,0.3280800833182366,0.3070508965013328,0.3314299105808752,0.309306520161365,0.32301847835923925,0.29276063329549623,0.32291368791586933,0.2952995106976437,0.3011478713206097
0.3130214000954773,0.329092169665327,0.3079190573598955,0.32332018277442975,0.30979801502256815,0.3280573151770418,0.2934657451693731,0.322484367952538,0.30204408920271925,0.3180530041964882
0.30731127611035347,0.33073790852680834,0.3069649899918575,0.33004028899140575,0.29969788217130644,0.3297073795776544,0.3039480945264833,0.32534885727491925,0.2947985280417863,0.3145576195994482
0.3091234814537001,0.3263012015984532,0.3125193955839745,0.32783643656700673,0.2933673002431969,0.3192875788373081,0.3015967450195266,0.3140015123581735,0.2940829075279552,0.3249633499914144
0.3160979887446734,0.32510847637298845,0.3187526150079567,0.33519091838397563,0.3077375684491846,0.3205734708231607,0.2975049024031122,0.3084192806851556,0.2927427804041217,0.3170967203540588
0.3090481668414143,0.3299792262754884,0.3049125410749608,0.32488267008814076,0.29927685087119993,0.3291543725657737,0.2956104522711705,0.32429007097651075,0.2848455927143704,0.3110551829023252
0.3137822929479099,0.32410813611192485,0.30085098510210456,0.32425341601940905,0.3066531279958138,0.33142507139354255,0.2875709606344431,0.31585901863517385,0.2994778646785517,0.31675059922935944
0.31292785919951904,0.33104126377857235,0.3072585897582437,0.3259029019705614,0.2928494809114408,0.3258144043008718,0.29234573790657775,0.3099075606780568,0.28964571180097465,0.3117693945746875
0.3094419982619709,0.3204870819788108,0.3205985466882716,0.32448410108582865,0.3071629866914965,0.31860092823248976,0.30725709543569857,0.3207253187297969,0.29522241628191503,0.31936703707856234
0.3234197204466266,0.3341457781866282,0.30368162716015135,0.32999970950971025,0.29664414035359604,0.3329353055584972,0.2912977221449876,0.32396587844109337,0.2848848284671437,0.31845473682169745
0.31586959511159,0.3313629874120652,0.3158955840272203,0.31791844695781707,0.3063538205953326,0.3203451455109402,0.2986473991061054,0.3193897143393936,0.2868027016774611,0.32178919815554136
0.30257428706671197,0.3302801486715694,0.3160885040703822,0.32073158790426826,0.30277136533918214,0.3213243110941427,0.30273721986597596,0.31771075806908755,0.29987543699611113,0.3130455910415272
0.3136322715738471,0.33391345491972757,0.30493205879146,0.320660985392104,0.29793030290301675,0.32471168917244814,0.2914253866599885,0.31920318883927046,0.29096348855521076,0.3171700404811407
0.30939106767615804,0.3373273722223129,0.3105449153959263,0.3307515379598679,0.3006648184353661,0.3307708021035739,0.29862355237390537,0.3181470861879961,0.2999663773802127,0.3101748910228668
0.3169621666739811,0.3340718503250907,0.31584198311564265,0.33455306686290964,0.3061315922847835,0.3272698798827611,0.30238957768755326,0.3132597644402992,0.29230884670470736,0.3205074739096236
0.3087373963078365,0.3197956288433418,0.30580436129506255,0.32547775390731265,0.3032294722655761,0.32507432750180953,0.29776249660953624,0.31642659661504785,0.2834905111352107,0.3195943559022006
0.3121263177926655,0.32260211516632153,0.30668209819948816,0.32515589138404993,0.3056220649023624,0.32531644265059056,0.3120420152783338,0.3226063995250691,0.29716033799865854,0.31947902510513787
0.3152249363949023,0.32587590711152165,0.30479159543025675,0.3263502608155659,0.3125822029225774,0.3232175733432173,0.28935700370560896,0.3216083927068825,0.28975053841122195,0.3170080951567847
0.3170287759708506,0.32913045525105417,0.30262621634653564,0.33180939151304095,0.29487879194144473,0.32579069757259255,0.30299364264941936,0.32084029902983413,0.2961934440675852,0.319073864453944
0.3066985179647211,0.3315882951023456,0.30445361227466994,0.3213632343290471,0.3107860628748431,0.3103521996115285,0.29683599131301763,0.3150242575907331,0.29282605433770037,0.325021695541543
0.31102749382079525,0.3253712809342327,0.3015802986661887,0.3271918449136739,0.30322177968761604,0.321516962704651,0.30155960077418337,0.3190924841893217,0.2849844088602856,0.3155745287147899
0.3103252734441952,0.3299338338223854,0.3078704173412961,0.33087598814891217,0.2982060797583843,0.3242066096745839,0.2999065357584962,0.30911467476778576,0.2935214738268528,0.3176932259185504
0.30943335383713144,0.3252230853382334,0.30385013384470677,0.3285054708496992,0.29604843187130503,0.3172449295819025,0.29403421901445,0.32089238331942693,0.30368111571076395,0.31156936850409295
0.32152727120140545,0.3259424109850403,0.30886892955895373,0.32694790808299373,0.3017543980461148,0.32493161658905784,0.29884498196229664,0.32714428853906785,0.29516493229257224,0.31265869519200834
0.3147249085548048,0.3219666945157589,0.2999205217689818,0.3310052304628357,0.30730825055962224,0.3219776438950694,0.2884104927430085,0.3126293393397895,0.29241241123497264,0.31748906646546654
0.30639558022832475,0.3243838337694455,0.30935440116107227,0.31248383853500383,0.3020622543981123,0.33177737849157746,0.3007162375028569,0.31707036163341124,0.29807671700978444,0.32251966773350954
0.31728930973527386,0.32224157697191835,0.3118676448080446,0.32938937659765455,0.3102557746512367,0.33086509862607427,0.2991907923299526,0.32164553389355066,0.2937533423260155,0.3157185958787421
0.32331078098506316,0.32412063373511335,0.2977313217871427,0.3227296215843629,0.2954441215497422,0.3206709721544092,0.30089330084321547,0.32626421317213744,0.29374767115131395,0.3158204173534394
0.31786232630275574,0.3342682089830392,0.3095702828492378,0.31684683551571774,0.3026395552607697,0.3222458114421665,0.30299059162543573,0.31775887691849924,0.28724187413920443,0.31496557377747814
0.30510315017022993,0.3242530055558403,0.31383834496236646,0.32855601299762494,0.29643803277793435,0.32263026217195806,0.2995380992010485,0.3165387483536705,0.29386924012894794,0.31432621664577837
0.3102788296356687,0.34216191032418697,0.3016517949065439,0.3328682927258148,0.3045181594131248,0.3207417026192019,0.29844044709899137,0.3101553842879196,0.2978772170820847,0.31847485727854413
0.3190345557459331,0.33146658950440444,0.3160628619341885,0.32531275742686155,0.3071344369504865,0.32397512492014063,0.2932946583166935,0.32051719064654055,0.28851968923949983,0.3095137117741068
0.3091616526719061,0.3299241806184744,0.3097950950468302,0.3307643727360147,0.3005961910315947,0.31920858965556204,0.2941388961817547,0.33021038020071874,0.2998224791062347,0.32340469788333365
0.31491909714073113,0.3247082110990939,0.30417494072120793,0.3340613912899432,0.2896789307168643,0.3173469233253124,0.3036336731008866,0.32138679230982337,0.29224146987927435,0.3136728885093527
0.31657317026714665,0.33250154939704496,0.30742115461171143,0.33257457226792025,0.30369474073398245,0.3261135561195013,0.30488167702852986,0.31988860510408146,0.28826115244230727,0.32060951742719074
0.3080653476421096,0.32612181086881115,0.3104916345626086,0.334199822646857,0.3048836927586675,0.32614764792110906,0.2965094478184397,0.3216104115538349,0.29768816038460116,0.31065000701303064
0.312402373219691,0.32961004907322683,0.30808002695706205,0.32971063745535945,0.30472147377480846,0.31897842120170006,0.2979300137362663,0.319944539980257,0.2912660288213086,0.3203442006527311
0.2964936632996546,0.341800422691344,0.31039377996223183,0.32637716819450796,0.30887891095911074,0.327476777153813,0.29317692812503116,0.31593492813869933,0.2964975744374305,0.3203597230390725
0.3075780617933285,0.32851970050137674,0.30309663203460313,0.3179901709405142,0.29734473160175473,0.31984211135417334,0.3035637842263372,0.32411639957838856,0.2912412068387073,0.3189210103600295
0.31143715924303417,0.33474636663142837,0.3085468041201804,0.32476968755935026,0.3061010805272522,0.3242658261901899,0.30102708411845885,0.3211288076155588,0.29240086928235043,0.31202785739100103
0.30646108409017575,0.3254841178743706,0.30063142751547506,0.32178376702341904,0.3086625375623898,0.32710172006306226,0.3074060871823187,0.3200880662596683,0.2951678010216714,0.3182477409479904
0.32086205651965816,0.32882505754751523,0.30714386969325647,0.3368547135874891,0.2938070620799674,0.32283193717648145,0.29330838461410125,0.3151231698636088,0.29415448528794996,0.31108471907632806
0.3055492931101968,0.33785400317817754,0.30318046179267605,0.3251205709378383,0.30429825912959485,0.3252737045607057,0.2958099605049089,0.3265175396596738,0.28272234109774125,0.31573618372451906
0.31049977756651503,0.3258651647110612,0.30402235028705116,0.3266160240339224,0.30017910084496163,0.32041785178056215,0.29885722961262784,0.32332351372666557,0.287093781299528,0.3221470655047766
0.31335370288643044,0.33806224278998465,0.3138804658760522,0.3287574268802024,0.30229238663449176,0.3220176670828595,0.3009324476886288,0.3172353958131635,0.29734704992395405,0.3209835096353537
0.31990636644533055,0.3325387596772774,0.3131565506029713,0.32621801223186225,0.30443838241769167,0.3219707028455983,0.2966216618122618,0.32500912426840967,0.29203931705549224,0.3170759147127022
0.3055206892441028,0.3261876661205287,0.3107456906045359,0.33447525520215377,0.3002638571794322,0.3192671082672988,0.29333519454773144,0.31751214580807396,0.29008134348614284,0.3121259671203858
0.3185158187607748,0.3321620386952776,0.3022384361766371,0.32288675319132776,0.29932145960419193,0.3221161291844211,0.3021070376446178,0.3160899825374448,0.2859071299237126,0.32022793856087095
0.3127511653050979,0.33386277224813365,0.30611795775152595,0.3269730372761862,0.30287076208744007,0.3152569085056813,0.30130567681272785,0.31620148441259854,0.2873013183936207,0.3170969061884901
0.30779245674476025,0.332109049811086,0.3137654884998959,0.32228764707150975,0.29726377030568596,0.3205442312642895,0.2931186294971813,0.31114465723455953,0.2825910068001902,0.30539842200884787
0.31501051737131636,0.32114887640054773,0.3084085845681995,0.31939988744389647,0.29727087435557403,0.32157562253315164,0.30447721400552746,0.32235771190209106,0.2921935964064923,0.3209131491315826
0.3136952984778673,0.3253643141208757,0.31929664769990845,0.32294115454547356,0.3060968664147825,0.3217191012375231,0.30355099354598297,0.31084427560830824,0.28970781209709473,0.3168788358306515
0.309698915614206,0.3277624068222425,0.3096665891969718,0.3258148160147579,0.2969560298242067,0.32179251277064613,0.2983714824862389,0.3138577808436712,0.2878670605450734,0.32301225623991536
0.3130490104249501,0.32862783285449976,0.30866024558245014,0.3238534888774137,0.30603156250454605,0.3226911790006994,0.29809798931188014,0.30962205995460734,0.2923593828741602,0.311523647405786
0.3107734320156912,0.3321033604877534,0.3061544176789875,0.32253789510063074,0.30501295646426974,0.32539720759043034,0.3004702888555795,0.31956965153604555,0.29451985315426366,0.30111648093402
0.3132675867262562,0.32988850500466627,0.3083677045239114,0.31896841268164083,0.29407096635604696,0.3273725853706626,0.29339148464871867,0.31924839769864066,0.3031659896610497,0.31839541929172593
0.3160106533726052,0.3223232782064495,0.30693765081809726,0.32558447213685654,0.29931217673832167,0.3197511738657587,0.2978501573958204,0.3183665189340682,0.2851405829021839,0.31845781838340986
0.32063008408072674,0.3309009892550298,0.3112405433834429,0.318476398129845,0.30867054701523683,0.3169839957230543,0.28693808227695405,0.3147871115266471,0.2984969052165026,0.30854664186196773
0.30651092250586576,0.3320529287264191,0.3124835115839729,0.329800279818448,0.29779417234430156,0.3177897779387845,0.30208227822751466,0.31413883123281683,0.29756550780507535,0.31210750227066697
0.3233651668732813,0.3317989522396552,0.3037700526974602,0.32641219876467253,0.300377978688453,0.32056398539402536,0.2898925338877907,0.3223218493177329,0.2888045363031165,0.33077608871859954
0.30293956100238745,0.3344039036277731,0.30104383523221107,0.3187122425026754,0.30501030446625943,0.3212403934109175,0.30521709914214495,0.31724724034145757,0.29371617977293013,0.315471946929231
0.31194107452482206,0.33316961077274454,0.2985189731344835,0.3244539546147507,0.30661695254641297,0.31915001966901274,0.29604939953016773,0.32158179160768074,0.29041183375331187,0.3206547948818811
0.31564158603242287,0.3312959003961422,0.3102399566345627,0.3222392179720471,0.30144230556977747,0.31651941667875055,0.29664166509034406,0.3155737565693789,0.29362844290209367,0.3137467008631581
0.31410495933867516,0.3286491714427068,0.3021831669691306,0.32759587255209593,0.29971244902654176,0.32071939586262904,0.29456133046957744,0.32090531371385544,0.3002456550670227,0.3065484855057342
0.309586502400897,0.3206951953324201,0.29693554703523756,0.33270225223011574,0.3098118493084925,0.32390713310056984,0.29625980563038956,0.32651639018658035,0.29572803116315655,0.31614870876602047
0.3116593887482136,0.33114809109566296,0.3096428930226548,0.3166241376517713,0.31139449831898786,0.3259751473291778,0.30479265672574013,0.3229308290019639,0.2952430418661672,0.3156719771985695
0.3102349953267058,0.3300384384358156,0.32016499758716394,0.3265751303957371,0.30759429025390894,0.3202128847344584,0.28526095671732454,0.3179379309089176,0.2905484534002267,0.31500060880665814
0.3097531762152789,0.3303578941859769,0.3076696454423005,0.32519933602216683,0.3031265907128251,0.32093501088928283,0.3040848269304409,0.32128599485177967,0.28527971667537827,0.316426795822468
0.3169480104851051,0.3226162571208985,0.31189245387225817,0.32935670038225234,0.29865867139179536,0.3183665084557635,0.2993901174055085,0.31879667412734897,0.2916576589472979,0.3183213413582282
0.31448507742982523,0.3235947172979587,0.3081091467927378,0.32706598314118845,0.29854777796721715,0.3228428041481261,0.29166489176071386,0.32003940092347366,0.29873304077431956,0.31624941524373096
0.30923545202369673,0.33426576426666454,0.30720555173404424,0.3222401533413059,0.30531257052632876,0.31875785682904595,0.2923234380347538,0.3183719447392575,0.2850641607170517,0.3106799691602632
0.31719799937716625,0.32880222423071676,0.3122953824149388,0.32440473032166695,0.3047919911044434,0.325865639066206,0.30608196513604097,0.31917832397057305,0.28742455315911647,0.3194309239578097
0.31423649760438305,0.33240750348686315,0.3062486272790567,0.3220198707159826,0.3097079929647321,0.3140706675403295,0.29297246560028634,0.32106046676537087,0.2933313386811703,0.30725314122338787
0.3167643105941948,0.32914159188065234,0.3090369615703595,0.331380035692993,0.30595225046268065,0.3212018516377377,0.29193324744702015,0.31503320650209027,0.28777672607576366,0.306748212713579
0.31584814420961804,0.3291487806974787,0.30930848903098,0.3261065582433597,0.2951845984912009,0.3245055366959587,0.3033865727118236,0.3149206058650501,0.2887373827644239,0.3206959024735078
0.3085550249453896,0.33369141902988,0.30435954773178475,0.33550595342876505,0.30795973808861454,0.3239191725816125,0.29939276438142953,0.313057287230844,0.29058200709135906,0.3195351013606768
0.3098990947990151,0.32641977635891317,0.3126602117476826,0.3256966959309269,0.2977096968634279,0.3364651683199025,0.29301037211731795,0.31199864447748143,0.28587191297904924,0.31671302317462985
0.3164364680256163,0.32948060388470496,0.3068252012165229,0.3224579661654477,0.3007801436402382,0.3247490001228395,0.2987831248770231,0.3139135865388976,0.2878293907689181,0.31002275747622465
0.3157518513271673,0.3266886235564748,0.30392127420253573,0.31843142803693586,0.30395100103125844,0.31797972701578997,0.29257123658179857,0.32079731253402066,0.29621713958393653,0.31346044529662964
0.3125954920301792,0.32682751886283845,0.31038254921785197,0.31698430161872027,0.3126783374489198,0.32252267876455465,0.303204106992113,0.31553606242254056,0.28616315108884516,0.3156862662615675
0.3132866369165439,0.32745413938265683,0.3032076600910448,0.31807932028497254,0.3182495927800268,0.3141187683326678,0.3030068548243656,0.3225680723211555,0.28471063932752577,0.30902053015712944
0.3190883244789421,0.3301106688581686,0.30784090578684564,0.32733563325505743,0.3057336152956809,0.3225970012535162,0.3003600309941097,0.3201735687437628,0.2895498751023305,0.31330485670988384
0.3097421430558208,0.32660625689168266,0.30765440501677893,0.3285436251161497,0.30178401690639806,0.3188347197149962,0.29950830530623507,0.31015747893280976,0.2963597775125492,0.3202616516908834
0.31543548690585016,0.33527878062786765,0.31312947782915784,0.31809404648983935,0.30537252824240274,0.3275769513778008,0.30650594062433684,0.32327487792110843,0.29171539096001553,0.3241365268214461
0.3116890367378305,0.3245269634889025,0.31007349116439975,0.3304751915703806,0.30713827712936914,0.3202522986270223,0.2976984316369411,0.3240539932279586,0.29037709460942185,0.31490282623670723
0.3116115939838639,0.32806564177919323,0.30757486520627425,0.3235846947415828,0.301096661872214,0.3224161704210238,0.29179062937289596,0.31503068662582573,0.292921793987578,0.3207824417715805
0.31819388425993594,0.32680134470862915,0.3117888314960014,0.32673396505992774,0.31167605677956156,0.319822210792978,0.2999473695641615,0.32210095771447494,0.2839714628357017,0.3074296996470627
0.3168270817449401,0.33623488942176866,0.3146510377450865,0.3340611031412771,0.303850353795957,0.33169425675926667,0.3081302352476855,0.315717508812954,0.2951735282688751,0.32029725620556804
0.3167675481800032,0.32998277388255787,0.31048905153175926,0.33048419657932765,0.30518871544545695,0.32139378616941044,0.2926262025340707,0.3204883518837417,0.2946171751570182,0.3129802579263626
0.3192273940357716,0.3341592226973432,0.30775176309921687,0.32465734676047087,0.3060296212602723,0.332162785217396,0.29589268616653003,0.3136775079652252,0.29065345762952133,0.31853672808353983
0.3128050192081638,0.32157219813481513,0.30114081883824917,0.3215440388729236,0.30480793305307224,0.32707075881059133,0.2997822301905072,0.3110344677373271,0.29772962255898205,0.31576123790880145
0.3161097648564748,0.3303352513293463,0.30237443168462314,0.3152409229933535,0.306894702502348,0.32541033363667693,0.2974304757549713,0.31808591405193515,0.28706251950523476,0.32360207004891917
0.3111486662170327,0.3334481539781172,0.30617387647822664,0.32240423340378793,0.2996137340672654,0.32484366573658763,0.29278848209811337,0.3193813552686258,0.2983395449662678,0.3126278217583004
0.3143208317624422,0.3294114199463771,0.3046524389892036,0.32494434880586154,0.2999084912302698,0.32496898649108125,0.3033092892811523,0.318011601531927,0.29347246832797624,0.32013803148780917
0.31204928472816157,0.3343274018753268,0.3067651434850727,0.3210641023642441,0.2971992288351415,0.313361637103272,0.30930020361008626,0.3140798472088872,0.2910172370506091,0.3156024626835173
0.31318497982496357,0.32641355774949815,0.30798324962448553,0.32534371516453847,0.3048975061531011,0.32160558302924624,0.2986806572951195,0.3180005046893443,0.2926006318231584,0.31620847260995166
0.3156757851271845,0.3360467372009279,0.3103484637717836,0.3263842594147939,0.30659468251756056,0.3272257898559216,0.29317965855131994,0.32134647376290365,0.29216367617094524,0.31608073053420394
0.3086088965838326,0.3404944906180963,0.3073475061097045,0.3248757200909596,0.3049888643307594,0.3227555140826295,0.2899551973747326,0.3197755348493873,0.2988014144820885,0.3127716344775294
0.3231619363784273,0.3271858071978017,0.31013250821913096,0.3227499870958827,0.3110724621667377,0.3159740507659821,0.29898987990610587,0.3209125051529961,0.2873166043626449,0.31692950517046664
0.30766991309250147,0.32677248739299614,0.3080223720740506,0.32684327335983365,0.30267201990585474,0.32273797774711266,0.3032193867165813,0.31664942399772883,0.288887403804267,0.3166867588893909
0.3066290569360613,0.33626692238558853,0.29782266716823064,0.32820970324784704,0.3060437082779625,0.3315205275812775,0.3000758387324769,0.3258585895735808,0.2978815144603624,0.31820620124203364
0.3184905543675003,0.3368978607286536,0.3030033230309062,0.32054800461278576,0.2972414956193034,0.3292344585776736,0.2976879807954057,0.31411913331722613,0.28972232532408065,0.3174225257284643
0.31665831346981466,0.32638569986423366,0.3069795622213919,0.33305466189873134,0.30076450148762796,0.32268997995316984,0.29475364174105345,0.3224378014854336,0.2972026653866579,0.3209899727480612
0.3158205990852608,0.3268990659145207,0.30165152628579445,0.3255070593385787,0.30617768878782886,0.32775724638529047,0.2922391818364095,0.3259094554647998,0.3011971799150435,0.3216175430802368
0.3158417275463214,0.3275910769556975,0.310699643649981,0.32609424811472426,0.30694551055371566,0.3211674648981597,0.30187375663162436,0.3224045404637445,0.2906910248652918,0.311746883390861
0.3126387661357654,0.3222777474448286,0.31535375416171846,0.3295410721162828,0.30123016526167906,0.3144806420658664,0.3022688581069279,0.3189873788646759,0.2961068116328765,0.3213438625029539
0.3082137281425708,0.32440674026757904,0.31379380925848654,0.3271660806563175,0.30234200374070963,0.31837767005935225,0.2899713510665463,0.3173585147666851,0.2869315385933007,0.3110683178644507
0.3130790227909686,0.32397929616623966,0.30663278564534896,0.3307656831695662,0.2951106312665959,0.330814443842541,0.30564919489090336,0.3251804382552313,0.296473666490339,0.3199392794406887
0.30931419144243943,0.32516101217447935,0.31515363068424973,0.32743562082600913,0.3009148539959669,0.3216300345908535,0.30057035610446997,0.3128851253736916,0.2936971199299338,0.32009869392351437
0.31757559866708873,0.3288265755630661,0.30844333728601053,0.3229378131267978,0.3071519158175989,0.3217830801031249,0.30469797322572895,0.3151493786981018,0.295065191410801,0.30744341554168747
0.3119647130924893,0.3301710736626826,0.3060145701444098,0.3278075176260305,0.3055760250805328,0.3215008090186256,0.2909893612575744,0.3180122111725414,0.289472139639823,0.31746489623264706
0.3085725140160374,0.3367525024640704,0.30463298668229527,0.3202813689633967,0.305203328606906,0.332520682947865,0.29087087922292276,0.32618826878756,0.2843945829221641,0.3146575194331984
0.31109307079173504,0.32400822979630606,0.30618765156755934,0.3265427985288826,0.3029488684359048,0.3311297945768103,0.29695515345116347,0.3218988381802045,0.2952162603237475,0.3132061737103231
0.3147646572713781,0.33392161199238296,0.3057591159072938,0.32583385004677773,0.30273531579314084,0.3340939011672407,0.30021392213447595,0.31515977120744876,0.28238298423760266,0.323754261653495
0.3098813772359801,0.32793005577887246,0.30855208111187743,0.3249594157136373,0.2993983943026327,0.32220477394799973,0.3066818041146348,0.3184484614730755,0.2911132475387873,0.3137316042968129
0.3085888980221678,0.32875268145173786,0.3085028699052493,0.32535731244280536,0.30619414210101265,0.3244781224437355,0.30123039456907563,0.3169283842795185,0.2974059093320998,0.31296811535440977
0.31391843605745956,0.332374097460833,0.30771523010076707,0.3165907547725118,0.3048048647219469,0.31541678725289607,0.2964865936159398,0.3164510550388323,0.29365948867936514,0.31737847470002545
0.31392483285554357,0.32338638989218854,0.3098846908487317,0.3232563754612952,0.305160094239964,0.33038467213059136,0.2925681539616705,0.3248944477927839,0.302441713223949,0.3204279487314921
0.3101652841231443,0.3309120487309203,0.3136532313739317,0.32646422450570556,0.3000698257866621,0.31716110224366034,0.3038500028635957,0.3131412843536825,0.2978255457629088,0.3162917570699494
0.3103448084719084,0.3298322610410653,0.3124477706772066,0.32679928195998703,0.2919332854006437,0.32408387781881315,0.2928764728712464,0.32804390427867186,0.28943050805837206,0.32283185272834625
0.31386024968678816,0.3314622563200408,0.30027551015775045,0.32086162429537024,0.3081857635587684,0.31751348736183577,0.3058423427738616,0.3241411484509231,0.29283656689925713,0.3196548783098205
0.30545957829251336,0.3304458432195391,0.2949303943254902,0.33232853920432354,0.30030581271995793,0.3200556658663065,0.29627807675196743,0.3254543083530185,0.2924631464872778,0.30610894340134287
0.3056626811281172,0.3412765006995545,0.31237159955619637,0.32166912575892753,0.29838612117978436,0.3188136878447515,0.3056529103630892,0.3176853024398737,0.2847891161832693,0.31435266518246496
0.3091077788937378,0.3258113000787434,0.3008656065079229,0.3308472860026337,0.3061673945595699,0.3199606236966209,0.30109465645029637,0.31925029640460445,0.2879980054175782,0.31419078950324153
0.31163276424144076,0.32634501522499093,0.3065761729905366,0.32813597180935844,0.30073993680040434,0.32030438648425513,0.29701502255278767,0.31283424092737644,0.28989619546510065,0.3193968047671471
0.31425453782799,0.3258842973678762,0.30184943486970317,0.322768863450781,0.3079996819202331,0.3202586560253746,0.2951030181408693,0.317376687964666,0.2825188974857203,0.30387591471812947
0.32007678108474774,0.32622261440419875,0.2986900978120999,0.3348765544630476,0.30578502974788346,0.32716666955890156,0.2959954606132696,0.3224682742382158,0.2929374673412582,0.3297450485435886
0.3169882981160101,0.3258130643634674,0.3104073136410239,0.3200318158412176,0.30611784661600233,0.3174756860346874,0.29984158346187617,0.326480315308907,0.2914546407767348,0.319655130474471
0.3119003073501828,0.3349450826555378,0.3114957758015132,0.33059577086805003,0.29587022144399727,0.32410270713506933,0.2980857824810885,0.3144642159159877,0.28433553049344207,0.31774438401958843
0.31260491896048653,0.33610252123994927,0.3048174479963664,0.3310029115902149,0.30875971992693196,0.3290897957615278,0.29473094295965646,0.3181724703150737,0.2947210643263866,0.3229078385820957
0.30768735317681095,0.3261462685312526,0.29474478853927544,0.3226468989546168,0.30400625265616926,0.32043401817743306,0.2968718429484118,0.3192435038988374,0.29627936372345476,0.32871827026406314
0.312607434320038,0.3248382221344789,0.30496877775873754,0.33296232650032165,0.30085361430376895,0.319410405546262,0.2980928851485957,0.31302105398903757,0.2938351723943244,0.32135373322294203
0.3112567068053993,0.331357077781932,0.30965902002701273,0.32474976742700523,0.30341694233671124,0.32184737687409876,0.2870563295279259,0.322956746208792,0.2910796591239551,0.3217440654823581
0.3143135928016904,0.32623888477859514,0.3003054421561293,0.3274434681463993,0.2938188238355084,0.32889862604180353,0.2999908405739435,0.31638004834128697,0.2956572107587592,0.31765345012232193
0.30856384528223835,0.33216465908877757,0.30861679959889576,0.3273016091938561,0.3047432640574033,0.3239705381547668,0.2928013938764159,0.31902304824411487,0.2961011018023834,0.3162923712331653
0.31529673257120583,0.3300146151042565,0.307623450754135,0.3253284562926473,0.2975531424590896,0.32034392852696203,0.29193333798397125,0.31774025314044063,0.2942370178485984,0.3146210227799755
0.32036369456501285,0.32142127942501386,0.3105964574980054,0.3300540413657989,0.2959366485707823,0.3254193832559402,0.2892632782644464,0.31605330747140165,0.28857693874782614,0.3128694400414273
0.3121561992577157,0.3367375260066503,0.30829790184207073,0.3299674436027611,0.2950882040689105,0.3174885392508179,0.2887305375106605,0.31996477507259724,0.29408300382755587,0.3135649295015025
0.3147085586104947,0.33797938836547764,0.30283465529559217,0.31725734013380913,0.3082634418749496,0.32640679755221474,0.2909227624844385,0.3189219521071599,0.29867740325412734,0.3102472201782851
0.31615071995855554,0.32593605654757807,0.3136828575083224,0.3325217012143908,0.299553683031536,0.32504303653850886,0.2941548952118475,0.31814071058860666,0.2897168547069413,0.31662064274657487
0.3106938976405708,0.3270614922003201,0.30690735213486514,0.31768754005982164,0.31036863854958247,0.3214609576443056,0.3074662956876328,0.3163576918915983,0.3031896966956621,0.3085766621138681
0.31382046240905204,0.33042932695362454,0.3075634773024503,0.3311627310217083,0.3000209926847385,0.31880707100776384,0.29507060162052395,0.3215976233539148,0.290071845330073,0.3179545826207186
0.31276296200390896,0.33067228394993514,0.303033660204634,0.33163352568413795,0.29416321021203523,0.31856659538858273,0.2985887505313401,0.3282680863424614,0.29286203506670067,0.3168183469597883
0.3131883804927441,0.3322927213633642,0.3054835887440424,0.320545167848924,0.29711737780025665,0.32567408668172954,0.2997024069325316,0.32069943616419566,0.2893375720199683,0.31773467649193343
0.3088349510807226,0.33905102269383175,0.3032759864298655,0.3239459285602271,0.3088790581000347,0.3291449025124453,0.2983553259310792,0.3249805910745556,0.2938163541796013,0.31438934214990005
0.3128225508712947,0.32811526386252976,0.3068352697003829,0.3204714766575703,0.30192050911031665,0.31981346126485605,0.29731278269637,0.31304889037423267,0.2839888915368236,0.3323843018509025
0.3151899914562272,0.3250085137773078,0.3162585424007117,0.3249253948485563,0.29995856351754696,0.3252919335177574,0.2917235311820037,0.32078880719646885,0.28996979100591636,0.3238005795009016
0.3199557180389752,0.32210340385992736,0.3008404942853432,0.3244598285790713,0.3035000911292639,0.31256486490698965,0.30495463774139603,0.31451315840514465,0.2872393939982571,0.3107772874995764
0.31749635413042604,0.3253453498002904,0.2996321930106163,0.32989830266134673,0.3052089136808377,0.320076911346714,0.3067359832181894,0.3126153753623405,0.2933766917394614,0.3181643404371345
0.3234659122875578,0.328834365135631,0.315055851637468,0.33255154373059803,0.30828699407951227,0.3228447053356455,0.28928670652938654,0.31630314296270484,0.2976722368775445,0.3139599692853134
0.3088632621855597,0.33797278931758895,0.30665338161424066,0.3329784190539498,0.3099424961494646,0.31845158291509085,0.29257985704556805,0.32595949667206786,0.29593003093557274,0.3119276013664629
0.3170616031836034,0.32641194350481917,0.3043546363067004,0.3231891598671085,0.30090115677105456,0.31831746812605205,0.29630094828811493,0.32475007914334825,0.2808417031957055,0.31029963964438034
0.31361671002869174,0.3301189397581945,0.31289952343698035,0.3249538906312774,0.29606976156958975,0.3196611022176556,0.292877311025449,0.321215023610272,0.30291034826463936,0.3191610834537963
0.32364901466608836,0.32891788551963624,0.3046719223013157,0.31758280903889524,0.3006326741943836,0.32446096364163185,0.3002298277672793,0.31233649720055034,0.2941763997031043,0.31359309882465214
0.30865850857322424,0.33494196636724044,0.31683004856773467,0.3219706496675191,0.3040014025329144,0.3220633549079681,0.2940586389879669,0.3190185967430603,0.28881750429753494,0.32183913012012605
0.3085013907890961,0.3416346621293681,0.3110896293566963,0.3308242581654873,0.2978812053689469,0.31180884383337515,0.308525280339033,0.3215085000445087,0.29348563959495466,0.3219689110726522
0.3097030367727799,0.3263456561353984,0.30526044295927146,0.3340779141177412,0.29791424542552475,0.31239649923682467,0.30365274297171796,0.320877681147893,0.2935809491125134,0.32386957192605725
0.30208052137845093,0.3265528027874089,0.3184865410663275,0.3198282556406004,0.3044189394077494,0.31996567411071414,0.29876287015316105,0.3107810320825963,0.28936575641524215,0.3127380661696295
0.31007122489159616,0.33422080438534535,0.30467142538498326,0.32303767870423555,0.3024567382421477,0.32528843293026777,0.3028349313165986,0.31554841075990064,0.29368958333671036,0.31937682805346007
0.3089043366922315,0.33240945744813155,0.3114104768600465,0.3258679712152054,0.3028639849770579,0.30926247578637384,0.3032295021217865,0.3196796111792564,0.28966263856189844,0.3201622710832115
0.31345196893238103,0.33823353662868016,0.30919646290203245,0.327400805794098,0.2989075233264996,0.32050134911924183,0.29488026255970873,0.32268145454758596,0.2906781900365498,0.31462910912448017
0.31440877987888577,0.33191964092662984,0.31420870644699395,0.3219519824003918,0.3015479964289711,0.3203687607174129,0.29361891377729016,0.3090193608945003,0.28926860432122453,0.31314114021303563
0.3220808541960794,0.32720353954606474,0.3155075559836342,0.32812030522232044,0.29807883427865844,0.32994168889104225,0.2980907153148482,0.31918938012260073,0.2855366435513017,0.3250476033288799
0.31745211919093025,0.33195327415346154,0.3078600207453288,0.32363080326464544,0.3071509920556239,0.3210748909414357,0.3020081806224897,0.32071524384939476,0.2934291823510769,0.31813747937866027
0.30981548172168794,0.33454351790291453,0.30393291064826905,0.3259277386456086,0.30787624667361874,0.32491494492370465,0.298395301993267,0.32424805994258105,0.29562649718258166,0.3201798387535587
0.3082079266432582,0.33310241090598686,0.30999986071469554,0.32873142124001853,0.2934690606888095,0.3237062857004373,0.289815017589045,0.3234642879211872,0.29527441798038184,0.31288961994086034
0.3151595958575325,0.3315363701555365,0.30431142315123944,0.3260321113490547,0.29805244569903794,0.312347167600964,0.29368587778024574,0.322912856594044,0.29679962626317613,0.310903577667389
0.3060988339648968,0.3343333734479458,0.3177669362376331,0.32381807054736717,0.29521735372454955,0.3268410360831587,0.2973301356820281,0.31600029746649033,0.2943217010500743,0.31415275112753943
0.32185729382927175,0.3348464779522284,0.30838267665541363,0.3254519509803709,0.2994498803279655,0.32407698252728145,0.29732167197837084,0.31045998931438346,0.29003637250891545,0.31637989306305003
0.3185972006036064,0.33591079495518766,0.30587339224343946,0.32555818520397334,0.3022828101510482,0.32554134319837297,0.307562710883949,0.318034736214693,0.2968983193221559,0.31167889996591325
0.31035412173947646,0.3322435494379482,0.3086234015293245,0.3241499448505894,0.29545177390150734,0.34263118853218166,0.29077006028800495,0.3250081591260428,0.2859124123007903,0.3169507759567481
0.3041343273545456,0.32816440959841575,0.3009643685523515,0.3247060196866645,0.2980907009343734,0.3125794353025071,0.30022794620917936,0.32696727263762215,0.28819664308743753,0.3085574740596575
0.31946936187082703,0.3297335684321666,0.30284192980744673,0.3339932358525236,0.2976802131395925,0.33162348324880553,0.3051455655416414,0.32355274551148894,0.2878789996428837,0.31139976288765064
0.3121273007737369,0.3350325448325418,0.31370206953972213,0.32880459723970623,0.3037363366469947,0.32156276240299825,0.30905724872711393,0.3221467041140087,0.2981002802956965,0.32035455624138437
0.3188890815598673,0.3249153216450638,0.304415528605143,0.3245225984098542,0.3030467216851812,0.32443664452201504,0.29567801288408013,0.32189819824192983,0.29741394257070036,0.32001895260138946
0.30472786170602817,0.3308433665443645,0.3024654450865903,0.32948477202255366,0.2990913122333137,0.3227724387734938,0.300157147263601,0.3172194062661961,0.29513652618522496,0.31504061617306567
0.3097031248852311,0.3270333059383632,0.3103832637626364,0.32433090255121994,0.30358410436069694,0.3208788183330098,0.3005488017859932,0.3193496985322319,0.29805964932605894,0.31191117845461525
0.3127262184985909,0.3291437241146741,0.31362852077331493,0.3318656231879332,0.2999665995770636,0.32015083535880623,0.29867740865776643,0.32834534762913165,0.28830358608794004,0.31186298224236997
0.3129349029688237,0.3353922593130365,0.31129476655332533,0.3278482109609905,0.3013417244483697,0.3246475436778651,0.29720577399380343,0.31528720997104065,0.2944429755993049,0.3151336587702934
0.31044967264260376,0.32995549534009955,0.31268023842902903,0.32546348927997887,0.31106726045149263,0.3154141315166416,0.2998798769475002,0.32807389395354924,0.2920741278580841,0.3202225924582265
0.3158142496617375,0.32923218274078075,0.30391602455715266,0.3282385846290514,0.3094023052589517,0.32675289583760886,0.28503876957390156,0.3183898592275397,0.29693441051942454,0.3216412284567216
0.307361897853087,0.3222007192951004,0.30059094666629077,0.3181456192396575,0.296202093815362,0.32091902797557376,0.3011103474503131,0.3266271605454754,0.29212387883723895,0.3145173413225902
0.3119881025748935,0.3327312678301361,0.3152066682597774,0.320366162655451,0.3068486620893958,0.3173496533047982,0.2983308895183098,0.3129659249525123,0.29077528555794957,0.3112325378700761
0.31330147815855947,0.3322274209057054,0.3060866008057893,0.32003037496800474,0.30675698277245794,0.3207499357100209,0.2965876255161086,0.32292952100582323,0.2954045425928049,0.3183392181893317
0.31527219417029373,0.33981627361652733,0.30644583491772476,0.32671471547381853,0.2969586835562369,0.3292857460843129,0.30793431097859775,0.3163161493202619,0.2970808458359561,0.31288232514687075
0.3162580743904444,0.327461108825235,0.31434097070924527,0.33466257499742547,0.3067938882187743,0.3203233245649189,0.2943253299060472,0.3129236640403791,0.28935827402576597,0.314408736805694
0.30707678954081064,0.3300957516383197,0.3104811500470033,0.33715650073096315,0.3103896595920627,0.3247922680910481,0.29568462005467483,0.32109267021205473,0.2923946216432381,0.32362638045218517
0.30502942914632186,0.3302469184185538,0.309979438860408,0.3291902555072038,0.2970872759687779,0.3193452186214226,0.3076577665110236,0.32504735894297987,0.2874077968317917,0.32113557714282887
0.31908838410949253,0.3368872663988174,0.31852501172450537,0.3285042223747223,0.29811248589492867,0.3267896092496181,0.2935396934757507,0.31577529280703254,0.2802096949125353,0.31778987156125726
0.31436157005989795,0.32852352233806525,0.30448240884809924,0.3169947113292363,0.30778830733421747,0.326427538693951,0.2949494235853173,0.312504920197708,0.2937022981570686,0.3106404049944364
0.3089575673172172,0.3303951076288517,0.31233920064040616,0.3232866310013299,0.30405747655412824,0.3322430441664821,0.29696487288284573,0.3195407761783252,0.2957445267812731,0.3180569828373533
0.3204557598776126,0.33203948254858273,0.3079850656244854,0.3220610812404588,0.3054573813761976,0.32212218027250394,0.3019036724106477,0.3195628233561141,0.2940103340454336,0.32231328645393764
0.3132783731714643,0.3299330456157818,0.30904296139431625,0.3228957620087444,0.30440294608200247,0.32634327402378954,0.29873901253676655,0.3227415981377725,0.2829521914112281,0.3151218316711723
0.3185964859203191,0.3267678319272474,0.31534234213206264,0.3251592809070761,0.3046534796046407,0.32349033769769475,0.29123687326423864,0.32474797285682244,0.2909457528496176,0.3237555704499336
0.31303759240705054,0.32997044996449154,0.3102391787814481,0.3236395471115144,0.29606763935844455,0.32947935890931507,0.295039157184364,0.31970292409363754,0.2816082611997446,0.323463726447591
0.3230037396244099,0.33436815874929887,0.31039148039524816,0.31610350094812106,0.30793658853310724,0.3194058380619564,0.2946632278339389,0.3292775165739713,0.2995485055382709,0.32531866416071736
0.321476704212216,0.32386742350294473,0.313062536686549,0.3297395512805877,0.30854794996213886,0.3267250265643864,0.29731389477388476,0.32112117372267646,0.2872697270894095,0.31852621563265676
0.31145517925760463,0.3296648483707344,0.30587523635228553,0.32063628487130097,0.30155304627965984,0.3220265135194166,0.2998292182931491,0.3182678674699655,0.2989770180472994,0.3199369584990301
0.3175578547547718,0.32549939592530414,0.30350395166330496,0.3271962343205558,0.3024826152509307,0.32267905911445754,0.2997910287794398,0.31194216320448587,0.2974293482184207,0.32407093644165547
0.3159268797479257,0.33497523314462424,0.3024759540298948,0.3363704133487499,0.2950444624872214,0.32345876242224186,0.28881994122975796,0.3186867023984192,0.2881970482373197,0.3192369696853449
0.31954315778766174,0.3213840654760811,0.29786821705311994,0.3214030770420679,0.30527127378008917,0.3242612019821334,0.3030197049378042,0.3183180652729443,0.28703607524366126,0.3144938294610489
0.30787538269709946,0.3262053907636421,0.3179810356497016,0.31334856238626835,0.3055602872085707,0.3224188547843902,0.2989628442299831,0.3248015239814074,0.29445185108193167,0.3147572858173607
0.31613025729999217,0.3308860593753226,0.30218395817139154,0.32456997889059946,0.3023890449150034,0.3240735659158526,0.3046226602379695,0.3223124181203343,0.2884783798140846,0.3181927747688687
0.3179921224342479,0.33682762014617174,0.3065937318820711,0.33150479817499284,0.30832176679935247,0.3308905902878109,0.2999209916364533,0.31410315439183695,0.293212423210791,0.3105471928902689
0.3039063025678844,0.3286712486946351,0.30631593350055536,0.335791737271103,0.30102961384510024,0.3279272484280761,0.3032066147886788,0.3208612719320552,0.29028586204596535,0.316283705423179
0.3067837074366711,0.32622400236653404,0.30923703348904547,0.3198522520277379,0.305523029629468,0.3273457729624845,0.3000327265572506,0.3233576558586453,0.2837942079276718,0.32248273559115126
0.3025038391111995,0.33840578534720295,0.31177868606269643,0.3284834961161826,0.2976016783065394,0.32072230236988064,0.3044311287810137,0.3276401567969392,0.2815476599043777,0.3060437307441736
0.31135296582777716,0.3217599304979188,0.3120023674417987,0.32367344771609974,0.30258223924562877,0.3185537958588584,0.30031125318008883,0.3244375198370703,0.29383342124247297,0.32467241050897255
0.3162877112789798,0.3180059702168996,0.3047846128071553,0.32547025822847936,0.3018282287104858,0.32777650279118875,0.29721042376778545,0.3238042332715574,0.28989221126834686,0.3226118710935158
0.3202117852604801,0.33120007225026665,0.3068643914310679,0.33922171673508517,0.30382653961020467,0.327380233962649,0.30906217360223437,0.32030042997307584,0.2899345509154293,0.31470117692084765
0.31307047390209886,0.32648972887823696,0.3091128997524415,0.3184851483580243,0.30085236535583315,0.33036335337875494,0.3021451856113994,0.32194156002711727,0.29617931919546886,0.3197169541393591
0.3208430777278564,0.32389383591434645,0.30645654436908226,0.3272686983074729,0.30204263702164164,0.3199800968701539,0.30056872210502206,0.3262475245035308,0.29856721138316217,0.31701573863453164
0.30579949270892554,0.3325417822364968,0.31573672788009993,0.3283384658588272,0.3068302358572075,0.3218522567231983,0.2913184779173083,0.3133361130126018,0.2913372763931909,0.3231499518421934
0.30418308780322423,0.33021900356885603,0.31015487475819126,0.3314289316246967,0.3005161788138089,0.31480257918737287,0.2912584619126823,0.3182528033639152,0.2909970064654507,0.3219134157138497
0.3124222615055169,0.32617960684631636,0.31137438893024905,0.3264899157673545,0.29466711449630656,0.3210376444696956,0.29916357741070926,0.3161371562562188,0.2952007151655694,0.30999964638408495
0.3146203272446965,0.32259847800664554,0.31101440634333705,0.3275402526975205,0.3114479195210271,0.3279828525528972,0.29842760598884116,0.32189576559363065,0.28591532215150206,0.31993631206732087
0.3125365262595295,0.3333622866414007,0.3135673692874266,0.3240417571628911,0.3096072703934524,0.32066752310385904,0.2946293871749584,0.32615111087825394,0.2938157652737384,0.31597186073178374
0.3023627894998006,0.33225100588979334,0.3086051077935185,0.3273456347062256,0.2962386865244719,0.3262023989760041,0.29840491349806025,0.31701512856639463,0.2954594298591107,0.3174141628525905
0.312254399802436,0.3285041206811031,0.30121584026022075,0.324284038622513,0.30614853902622596,0.32204748447001097,0.3056431346402179,0.3080484781626528,0.2961011510420881,0.3133591404951509
0.3061776524974757,0.33823318498023835,0.30969843975876316,0.3291078594492803,0.30018512614724324,0.3246202851411078,0.30117701237275146,0.31793889627487765,0.28301623648748764,0.3257406853456042
0.31604836274415016,0.32364957616836926,0.3044432155310408,0.32415194831978184,0.30401743607665527,0.3172615430509217,0.29199495745123627,0.32456736866008706,0.28889322365095527,0.32220030909951286
0.3145329912304842,0.32137237414537634,0.30505691659125117,0.32788550196951094,0.30417112064506746,0.32342604724816953,0.2971424558642852,0.3226881495147494,0.28830868373588264,0.31330114418013516
0.3080006010683632,0.3255404596505938,0.31063182009377543,0.3258536859315751,0.30152796099841833,0.3080443201454964,0.29367516759573714,0.3221409312390529,0.293199434772046,0.3103269469654488
0.3101306654133165,0.3287720699182225,0.31389141535716814,0.33163025125386086,0.29878117167206797,0.3220655192091901,0.2957615004179572,0.3186000334906276,0.2951037228988399,0.31507163684511075
0.30740393239055525,0.33021669724661346,0.30780635788368027,0.32574303138205757,0.29924729473841866,0.31484763378142433,0.29563192167185176,0.31360484631890106,0.30018355203722985,0.31917251323045653
0.3123866045136341,0.32779381971071836,0.3092441650629948,0.3171348376589656,0.29811904042259374,0.3290299725827341,0.29531177208697995,0.32257647160812236,0.2902251725981596,0.31820102921973115
0.31747571160250615,0.3307602769825715,0.31621107472317617,0.33230960750356997,0.2985408889588477,0.3268870367638226,0.291424323140133,0.3158285909498269,0.29021213750845387,0.3232656641238412
0.30777136976832226,0.3227423028790478,0.30890376589744284,0.32147133849568693,0.3023641085497532,0.3253333549098304,0.29706172659240904,0.3309204836669023,0.2984483600943937,0.3209495986109043
0.3152202325775892,0.3362188230203663,0.32070841557090196,0.3227311683067559,0.2991212000544462,0.3306050311357969,0.2948969618157634,0.3228525360417726,0.29418288469265147,0.3218478451287645
0.31004871190813776,0.3285892441080372,0.3105275482281577,0.32302169352978255,0.3061102603285631,0.3182554173958758,0.2830527565499886,0.31709675848723023,0.2990382575559398,0.3186342770030522
0.30873563583868824,0.33458647915794065,0.29889618620422087,0.3328721904658541,0.3101362307766796,0.3317368159895778,0.3079648601225083,0.31694307376305686,0.29414364001504917,0.3100535063489451
0.31216484820022716,0.33071362673188853,0.3114667081055226,0.3153216289301065,0.2997997337931498,0.32766095782130195,0.3031438482710833,0.31953527896693207,0.2869144169064336,0.3160215073442655
0.3075237883879031,0.33128376609576893,0.30960579192441384,0.34168874266829996,0.30389702250267686,0.3218172235639053,0.295818496375375,0.3188024903898913,0.28603435822611095,0.32230044869954333
0.30993175347326407,0.33184883640116103,0.3141487637704137,0.3312802840453303,0.30519842555151466,0.32867810073591475,0.297794095248703,0.3255841688776498,0.2849424387547053,0.31674238535737675
0.30671061053705573,0.3312385428000866,0.31106590675634976,0.32711619457064584,0.3050600113545963,0.3174685324379418,0.29184172826341215,0.3209320808487202,0.2960102591737923,0.31951545184311875
0.3225236256645819,0.3322136137993377,0.3070077200800811,0.32572552999691856,0.3030797763395804,0.3188774291923616,0.3061786143890543,0.3163418413054574,0.298642984115435,0.31540625842376935
0.31287631775985864,0.33564576265066215,0.30157850881855314,0.3274277703742883,0.30641341209179856,0.3199570513838015,0.30718644347386553,0.3294522034257789,0.30194681070693186,0.3118509407572908
0.30920137246003704,0.32998260584850736,0.30665488371356986,0.3286056121418967,0.30511124476340323,0.32035511145967993,0.2984834686412326,0.32024654165760114,0.29691552666161614,0.3163832796797694
0.31376989955367107,0.33254501878794257,0.30344739772895346,0.3292260779297503,0.29651168788836346,0.31771721178619877,0.3028176532209267,0.3238441983798445,0.2985141928876749,0.31854523721516326
0.3121383597515458,0.32855132152856387,0.30479738275097634,0.32877802233001724,0.30704578032194635,0.3291154153354766,0.2985764338946696,0.3169588674627762,0.2897999183367315,0.3137215614026928
0.31159515200233384,0.3362005860772474,0.31064289202210305,0.3264479034062763,0.3071364541863337,0.32170572799815084,0.2910163728056203,0.32181557813872264,0.28691792091628066,0.31582144377571664
0.3157708335002171,0.32561803848970367,0.316049522521757,0.3250133078984634,0.29888356947910705,0.3247625248417844,0.29564088315518167,0.321555549955716,0.2969503966620877,0.3123026837900701
0.3164875385502365,0.3380047021645541,0.30967335764911486,0.32524363358173247,0.30288968917723796,0.3201482431679316,0.29835963983385977,0.31055175353951925,0.29478840376119697,0.3225962245878205
0.31004749426194733,0.3287992102467783,0.30172058468982405,0.3250254585982366,0.30611664496405533,0.3138969834972574,0.2954272614062827,0.3300763755523032,0.2932372218717044,0.31552772121205985
0.3098209087967766,0.32184612448940975,0.3099230133411007,0.3316688504843353,0.30165343090210317,0.3243502867919571,0.2966067336128248,0.32645322230461277,0.2946368574031649,0.3242637777256309
0.3113247415142418,0.32964052207455397,0.3136831574332282,0.32896778361140433,0.30806489023883005,0.3134387251229011,0.29724300221245437,0.31801402341927004,0.294315927412291,0.32464373925270457
0.30119039417632204,0.3255947417126256,0.3046510854784031,0.3112980568266786,0.31451936247309675,0.32265682976957266,0.29729560751067263,0.31448865129772074,0.29911908429926776,0.31659477017639126
0.3051240446890072,0.33320321774494366,0.3070299141666354,0.3292795038826488,0.2987700698368251,0.31615842480583595,0.29796129245248737,0.32173780806901775,0.29917492792408473,0.31195775633726325
0.3195343713372226,0.32573688010348806,0.30777344097364595,0.32697368097359386,0.29579477698423107,0.33293637999615405,0.29239697466801695,0.320433488497072,0.2954211017617017,0.30657051061133334
0.3209248385675064,0.32676908283392614,0.3037755084345888,0.32590645621777053,0.30421909297802435,0.32755681361087363,0.2941149192543603,0.32177834474281614,0.2969290143628146,0.30963981463486606
0.31145481980221806,0.3195522963452724,0.3109414021692193,0.3240574077345556,0.30630781252563066,0.3235287689563574,0.2912770786715001,0.32095788698097044,0.29527031276212384,0.3101308258755067
0.3155827848152788,0.32673846840375464,0.3070952592569611,0.3316205635999301,0.3015456681307761,0.3293185333882733,0.30258907774843097,0.32253120494652965,0.2903941513398269,0.32389234813730755
0.3142562507727177,0.31688060336685525,0.3097976622195351,0.3307376323106143,0.30996630331660513,0.3187684201126713,0.28717176529079835,0.32723652849695906,0.29648282337456566,0.3175791229361347
0.3280944040422762,0.3210804858825714,0.3032625391109895,0.32213561166088195,0.29600697100138373,0.3257173968933505,0.3034679517165846,0.32284051602564323,0.28572752465570367,0.31894802262045996
0.31829787455717284,0.3328020732807215,0.3055127084983829,0.32803526143562267,0.30616459311515803,0.3239990521685936,0.3046317469863142,0.3147517225054503,0.2979694577614794,0.3058978949553244
0.31206041204259616,0.33292900079325416,0.31131190678913884,0.3211417163272936,0.2996706958962055,0.32432010040666837,0.29618909706508684,0.3268128142635623,0.2867273853011698,0.3110101678539137
0.30792229779699787,0.33112728780892486,0.30583583423954114,0.31910190917605535,0.31129688953103646,0.32936176750053386,0.28468431456086346,0.32820307281744143,0.2941290164339736,0.32143539888223144
0.3046677683987121,0.32416511928435393,0.316334819256167,0.3228664138770502,0.3126625767658406,0.326662460513899,0.2958934471901635,0.33576028367256044,0.28847423020786916,0.3184338705619129
0.31371731817933607,0.32876144321929013,0.30570181907192695,0.3303119673619138,0.29886671706108325,0.3244436183141251,0.2973790791935559,0.314382529833802,0.2954669449153721,0.316263973606572
0.30891824627357845,0.3289819873045472,0.3088234236287594,0.33076562522688047,0.29995221432045704,0.31472556281885855,0.2926470089003554,0.32121441006575135,0.2925303738703604,0.31982421179300063
0.3055887314520116,0.3232081765540373,0.31236295415936544,0.3285654271004865,0.306997939434899,0.3181997685236027,0.2951239080309587,0.3095895064840551,0.2847262202091833,0.3251789890306791
0.30946713557878736,0.3365169915088358,0.3006081713353348,0.32962547893424,0.3007643467510524,0.32238645533202137,0.3053509759943167,0.32276574578189604,0.2948034981550924,0.31589478768231477
0.307292259981928,0.33338681145287835,0.2988959559400961,0.3285808914355748,0.3024729439103388,0.3234668618713833,0.3010246358115087,0.31725899850916617,0.2898103961158364,0.31734684901329036
0.3211357081753628,0.3278951791308517,0.3000717184271495,0.32279259202388527,0.302826942102712,0.31734898137663037,0.29307717942810946,0.32961722897412477,0.2971057336040668,0.3179629845936565
0.3171081987847472,0.32913442919497266,0.31401292051713586,0.32815961272336974,0.2931016342190117,0.3350583833778921,0.2897120041520228,0.3161269251499071,0.292706628443672,0.32896054817637
0.31266013679341687,0.33004191403973776,0.30494070927053774,0.33000204762613844,0.3026308112695288,0.3305819702762679,0.2960649134119511,0.3115540848101637,0.29467710492694016,0.30650321867790487
0.3200997206944501,0.31879132565787854,0.3204909964283412,0.3297714566490679,0.2992513611296791,0.32601059160196244,0.29663271610324776,0.3176436812964874,0.2879121552249239,0.320416115073944
0.31308684153823807,0.32776411308739706,0.30487876200671304,0.3319445668573732,0.3002343858880011,0.3233601843064187,0.3001809959368165,0.31012256114391434,0.28975333884286314,0.3164259887562047
0.3083935789933587,0.325590078760011,0.30862275651598514,0.32954151923600533,0.309918160017344,0.32193895515049425,0.2950234164371617,0.32375549727253655,0.29040680681949455,0.3198338586309209
0.32031562038634825,0.32399189995052546,0.31541054976283933,0.3277572410377079,0.2964174655286037,0.3182404076998888,0.3002574978768093,0.3096745847687184,0.29698351240121273,0.31371313723002636
0.3153945502184233,0.32759449853557027,0.3177304644407956,0.33135075119158214,0.30676602593373986,0.3233874025925943,0.3073757702003011,0.3201422879059158,0.3010868854390274,0.31675517484570775
0.3075137692283677,0.3379884326342476,0.318007517883182,0.3258673937037547,0.30130518534834094,0.3242887627007138,0.3017775051122213,0.309610940900719,0.2886741412412856,0.3205570528973275
0.3117483066095819,0.33220421430633507,0.31374183115296567,0.3215906267438614,0.3013011991575208,0.3167911971225919,0.2974595574633461,0.3183985109773168,0.2980842407232884,0.3325645510052192
0.3083219087330762,0.32614410505108604,0.3128203126290573,0.3251846651802812,0.3066518594802585,0.3246708820862245,0.2967842476447335,0.32821689077902266,0.28185161291137145,0.32104018094701037
0.3057860013451783,0.3318629139067808,0.31066263474600586,0.3222754867759678,0.3044002564728444,0.32222370475587625,0.2959166343291006,0.321803239457179,0.2867290529945385,0.31275967200984744
